FlightDate,Atrasos,Cancelamentos,Cold,Fog,Rain,Snow,Storm
2018-01-02,-54.0,110,-22.0,684,-103.0,619,18
2018-01-03,-701.0,449,-323.0,543,332.0,1097,5
2018-01-04,-1533.0,3001,90.0,787,-137.0,1408,23
2018-01-05,1482.0,1007,109.0,844,138.0,923,16
2018-01-06,-827.0,234,106.0,828,-51.0,569,12
2018-01-07,1003.0,413,-282.0,672,380.0,507,9
2018-01-08,847.0,504,-20.0,805,1860.0,975,14
2018-01-09,-1590.0,249,16.0,1250,-389.0,331,18
2018-01-10,-799.0,168,-1.0,1482,-664.0,518,64
2018-01-11,707.0,168,20.0,1500,2473.0,1478,119
2018-01-12,2302.0,842,106.0,1240,1176.0,1740,23
2018-01-13,-3201.0,166,20.0,796,-3630.0,1364,25
2018-01-14,-371.0,40,-89.0,584,-1614.0,1210,12
2018-01-15,2320.0,244,1.0,1786,130.0,1969,10
2018-01-16,-1120.0,1373,18.0,952,556.0,2323,6
2018-01-17,1582.0,1398,-120.0,776,-274.0,1964,2
2018-01-18,-1126.0,390,3.0,368,78.0,345,11
2018-01-19,-1402.0,61,-25.0,317,196.0,327,21
2018-01-20,-907.0,36,5.0,482,-54.0,437,17
2018-01-21,1328.0,440,26.0,1077,242.0,665,18
2018-01-22,-266.0,700,20.0,1059,2737.0,1151,49
2018-01-23,148.0,261,25.0,697,-501.0,1066,13
2018-01-24,-536.0,53,-2.0,479,-2506.0,851,30
2018-01-25,-215.0,21,6.0,503,-78.0,519,20
2018-01-26,-142.0,14,-65.0,373,180.0,324,26
2018-01-27,-437.0,24,-19.0,370,1817.0,462,26
2018-01-28,608.0,37,22.0,937,435.0,816,19
2018-01-29,727.0,64,27.0,536,-1060.0,968,8
2018-01-30,-312.0,65,15.0,531,-1391.0,1259,42
2018-01-31,-783.0,29,-26.0,437,-411.0,714,41
2018-02-01,309.0,45,1.0,586,385.0,983,17
2018-02-02,342.0,71,82.0,508,585.0,1489,30
2018-02-03,-1060.0,22,-111.0,586,-445.0,1273,55
2018-02-04,1337.0,255,120.0,1183,2471.0,2627,45
2018-02-05,366.0,380,-2.0,986,-2162.0,1571,48
2018-02-06,-1071.0,162,173.0,878,165.0,1410,2
2018-02-07,1144.0,688,-156.0,917,2809.0,2280,36
2018-02-08,-927.0,249,15.0,690,-3298.0,1393,31
2018-02-09,989.0,913,-15.0,838,-241.0,1774,26
2018-02-10,-427.0,174,83.0,1430,3198.0,1337,28
2018-02-11,451.0,534,-149.0,1286,1184.0,1355,10
2018-02-12,-786.0,77,96.0,650,-2822.0,692,15
2018-02-13,-582.0,39,-95.0,561,-840.0,424,12
2018-02-14,33.0,41,-52.0,1136,739.0,280,49
2018-02-15,1430.0,318,13.0,1503,-173.0,767,31
2018-02-16,-170.0,17,11.0,798,704.0,459,23
2018-02-17,-730.0,110,-23.0,791,-174.0,1300,40
2018-02-18,-18.0,81,5.0,1310,-1090.0,2015,85
2018-02-19,766.0,112,34.0,1013,1651.0,1486,102
2018-02-20,150.0,267,84.0,1566,1582.0,1841,40
2018-02-21,-321.0,168,62.0,697,-468.0,762,2
2018-02-22,427.0,63,-54.0,828,-729.0,1410,7
2018-02-23,-433.0,40,-34.0,1538,81.0,1407,9
2018-02-24,-689.0,85,-15.0,1835,367.0,1259,38
2018-02-25,497.0,42,-66.0,656,126.0,1319,59
2018-02-26,-648.0,44,-5.0,746,-1845.0,337,30
2018-02-27,-189.0,91,7.0,756,-878.0,154,8
2018-02-28,482.0,61,9.0,629,1181.0,230,4
2018-03-01,536.0,243,-8.0,540,1787.0,437,6
2018-03-02,161.0,1191,14.0,651,-2088.0,1275,193
2018-03-03,-799.0,234,-52.0,386,-1277.0,445,43
2018-03-04,355.0,72,13.0,523,164.0,564,40
2018-03-05,452.0,222,43.0,494,1105.0,1455,188
2018-03-06,-1220.0,96,-15.0,531,308.0,1771,137
2018-03-07,-172.0,1355,-8.0,431,-1077.0,2217,2
2018-03-08,918.0,286,-5.0,448,-655.0,1909,19
2018-03-09,43.0,30,-4.0,463,-169.0,1095,12
2018-03-10,-96.0,16,4.0,446,525.0,629,24
2018-03-11,316.0,27,-11.0,623,1415.0,665,7
2018-03-12,-571.0,204,10.0,408,-637.0,935,0
2018-03-13,209.0,844,13.0,582,-773.0,1968,11
2018-03-14,275.0,169,-15.0,491,-35.0,1337,14
2018-03-15,143.0,71,8.0,409,-62.0,886,14
2018-03-16,294.0,67,-31.0,373,745.0,1163,58
2018-03-17,-1096.0,31,7.0,513,29.0,642,2
2018-03-18,463.0,39,42.0,822,-190.0,448,40
2018-03-19,-151.0,91,0.0,716,1005.0,619,36
2018-03-20,1015.0,427,26.0,493,319.0,856,5
2018-03-21,-698.0,2279,-13.0,454,-896.0,1703,6
2018-03-22,1000.0,402,-12.0,354,-257.0,587,17
2018-03-23,-986.0,55,-30.0,278,-246.0,337,65
2018-03-24,-361.0,68,8.0,403,534.0,1245,16
2018-03-25,-194.0,30,-22.0,414,-302.0,862,20
2018-03-26,68.0,24,27.0,522,92.0,944,5
2018-03-27,173.0,52,-4.0,500,2100.0,474,12
2018-03-28,251.0,202,10.0,984,-337.0,408,6
2018-03-29,332.0,67,4.0,1085,467.0,522,14
2018-03-30,-374.0,19,-48.0,613,-1619.0,379,35
2018-03-31,-550.0,26,-6.0,554,-1354.0,984,48
2018-04-01,320.0,29,-10.0,378,51.0,607,12
2018-04-02,2015.0,321,30.0,809,159.0,1446,47
2018-04-03,354.0,175,30.0,830,1696.0,1331,75
2018-04-04,-300.0,485,5.0,660,-109.0,1101,78
2018-04-05,-1121.0,80,-21.0,371,-2096.0,741,9
2018-04-06,1161.0,219,-32.0,729,1405.0,1861,23
2018-04-07,-1558.0,42,4.0,390,2020.0,1006,18
2018-04-08,261.0,20,-8.0,355,-2487.0,899,40
2018-04-09,445.0,40,31.0,535,-174.0,1253,6
2018-04-10,-464.0,119,1.0,374,-75.0,348,6
2018-04-11,-811.0,21,-26.0,451,-700.0,192,37
2018-04-12,511.0,36,54.0,635,936.0,595,113
2018-04-13,519.0,76,-51.0,582,589.0,841,167
2018-04-14,-865.0,588,18.0,752,2207.0,1503,277
2018-04-15,3030.0,586,24.0,617,81.0,1912,24
2018-04-16,881.0,677,6.0,500,-69.0,1864,65
2018-04-17,-3090.0,196,-29.0,434,-3370.0,1440,170
2018-04-18,-552.0,128,1.0,329,-370.0,676,56
2018-04-19,950.0,74,13.0,300,476.0,609,22
2018-04-20,-568.0,50,-26.0,237,-604.0,248,36
2018-04-21,-968.0,57,4.0,313,1305.0,295,7
2018-04-22,827.0,62,-17.0,309,539.0,8,4
2018-04-23,-17.0,145,39.0,320,506.0,111,8
2018-04-24,-564.0,101,-10.0,377,148.0,228,12
2018-04-25,1065.0,256,-2.0,687,-18.0,28,9
2018-04-26,-306.0,57,-8.0,614,-1136.0,12,19
2018-04-27,503.0,50,-24.0,559,-256.0,56,5
2018-04-28,-1654.0,37,13.0,684,-421.0,3,13
2018-04-29,610.0,32,-2.0,343,-77.0,90,53
2018-04-30,66.0,19,40.0,224,331.0,116,81
2018-05-01,-772.0,54,1.0,359,-135.0,89,16
2018-05-02,592.0,282,9.0,395,745.0,125,10
2018-05-03,1745.0,332,8.0,545,2149.0,82,23
2018-05-04,-1293.0,74,-56.0,398,-1392.0,16,24
2018-05-05,-1348.0,25,0.0,540,-1265.0,0,2
2018-05-06,869.0,32,12.0,582,718.0,0,2
2018-05-07,-561.0,42,2.0,512,-1423.0,0,7
2018-05-08,-88.0,44,27.0,492,204.0,0,7
2018-05-09,1255.0,104,7.0,543,626.0,0,2
2018-05-10,200.0,160,-14.0,586,158.0,2,8
2018-05-11,-572.0,53,-10.0,523,356.0,10,26
2018-05-12,-584.0,41,-2.0,538,409.0,34,14
2018-05-13,559.0,72,9.0,799,-377.0,3,5
2018-05-14,1695.0,497,28.0,884,435.0,1,8
2018-05-15,-1063.0,726,14.0,750,1046.0,5,16
2018-05-16,310.0,258,-33.0,661,-51.0,0,4
2018-05-17,241.0,79,9.0,630,-30.0,0,5
2018-05-18,-589.0,150,18.0,517,240.0,1,16
2018-05-19,-725.0,85,-29.0,611,1114.0,15,10
2018-05-20,1407.0,172,12.0,679,-675.0,17,17
2018-05-21,-115.0,113,-17.0,755,-993.0,7,9
2018-05-22,-650.0,133,15.0,951,10.0,4,4
2018-05-23,-215.0,50,-14.0,930,-630.0,2,4
2018-05-24,-117.0,37,-5.0,570,-740.0,0,9
2018-05-25,148.0,66,1.0,477,678.0,0,1
2018-05-26,-1084.0,24,1.0,504,-187.0,0,4
2018-05-27,464.0,64,-6.0,638,312.0,0,11
2018-05-28,69.0,39,20.0,524,789.0,0,17
2018-05-29,-227.0,29,21.0,578,299.0,4,15
2018-05-30,1134.0,238,5.0,588,262.0,0,7
2018-05-31,61.0,275,17.0,793,-1107.0,0,20
2018-06-01,-652.0,154,-25.0,701,-658.0,1,17
2018-06-02,-704.0,164,-32.0,718,515.0,0,39
2018-06-03,355.0,80,-27.0,484,-173.0,2,4
2018-06-04,-108.0,37,40.0,341,-770.0,4,23
2018-06-05,-246.0,36,8.0,332,-387.0,0,5
2018-06-06,143.0,36,-1.0,406,-146.0,0,15
2018-06-07,575.0,55,-16.0,377,-169.0,0,21
2018-06-08,532.0,76,-3.0,355,551.0,0,27
2018-06-09,113.0,124,7.0,554,1212.0,0,11
2018-06-10,679.0,260,-25.0,578,105.0,25,13
2018-06-11,-1223.0,66,25.0,395,398.0,15,6
2018-06-12,-571.0,34,10.0,519,-950.0,0,5
2018-06-13,535.0,62,1.0,579,-387.0,10,9
2018-06-14,-159.0,55,-9.0,454,-293.0,0,7
2018-06-15,127.0,47,-6.0,383,183.0,0,24
2018-06-16,-304.0,57,9.0,412,721.0,0,17
2018-06-17,377.0,101,-3.0,429,277.0,2,10
2018-06-18,117.0,302,-9.0,466,359.0,1,6
2018-06-19,778.0,672,10.0,416,687.0,0,8
2018-06-20,-201.0,259,10.0,500,-262.0,4,11
2018-06-21,16.0,153,4.0,503,305.0,0,5
2018-06-22,156.0,125,-20.0,438,-630.0,0,9
2018-06-23,-1062.0,56,12.0,583,-527.0,0,20
2018-06-24,548.0,235,63.0,623,-68.0,2,25
2018-06-25,80.0,102,-35.0,463,384.0,1,39
2018-06-26,89.0,481,-5.0,436,-326.0,0,7
2018-06-27,-402.0,121,-11.0,485,-390.0,0,4
2018-06-28,748.0,192,9.0,647,246.0,0,7
2018-06-29,-910.0,104,-124.0,34,-2643.0,0,5
2018-06-30,-217.0,60,3.0,45,12.0,0,3
2018-07-01,61.0,186,74.0,450,2087.0,0,5
2018-07-02,0.0,147,50.0,561,-776.0,0,6
2018-07-03,-418.0,160,-11.0,610,618.0,0,24
2018-07-04,-151.0,52,-13.0,407,450.0,0,21
2018-07-05,886.0,214,-25.0,663,-45.0,0,11
2018-07-06,141.0,152,45.0,413,188.0,0,6
2018-07-07,-847.0,48,-24.0,301,-653.0,0,2
2018-07-08,385.0,66,-20.0,384,-432.0,0,3
2018-07-09,185.0,130,10.0,498,-5.0,0,17
2018-07-10,-16.0,115,12.0,513,-297.0,0,12
2018-07-11,-319.0,76,16.0,444,9.0,0,2
2018-07-12,341.0,116,-12.0,368,777.0,0,10
2018-07-13,-543.0,79,-21.0,427,184.0,0,2
2018-07-14,6.0,55,2.0,620,-157.0,0,2
2018-07-15,1367.0,413,-21.0,814,117.0,0,2
2018-07-16,99.0,215,27.0,887,-101.0,0,2
2018-07-17,-342.0,764,-11.0,587,872.0,0,9
2018-07-18,-334.0,114,30.0,535,-1215.0,0,11
2018-07-19,483.0,46,-5.0,424,159.0,0,3
2018-07-20,620.0,166,13.0,393,1191.0,0,13
2018-07-21,-1246.0,66,-19.0,491,197.0,0,6
2018-07-22,905.0,301,1.0,458,240.0,0,8
2018-07-23,666.0,649,21.0,592,-73.0,0,13
2018-07-24,-543.0,509,-5.0,657,-440.0,0,9
2018-07-25,-139.0,303,-17.0,697,129.0,0,13
2018-07-26,-418.0,48,-18.0,773,-449.0,0,8
2018-07-27,248.0,660,-12.0,728,-728.0,0,9
2018-07-28,-639.0,95,3.0,771,326.0,0,16
2018-07-29,530.0,50,9.0,786,359.0,0,18
2018-07-30,-315.0,114,-7.0,826,948.0,1,15
2018-07-31,244.0,106,23.0,847,-381.0,0,9
2018-08-01,1453.0,250,-1.0,713,652.0,0,0
2018-08-02,916.0,1034,-10.0,711,-409.0,0,7
2018-08-03,-208.0,1307,4.0,772,-229.0,0,6
2018-08-04,-1647.0,270,-6.0,879,-323.0,0,11
2018-08-05,-446.0,102,6.0,885,-1307.0,0,13
2018-08-06,1168.0,220,16.0,704,625.0,0,5
2018-08-07,94.0,702,13.0,933,809.0,0,6
2018-08-08,628.0,885,-21.0,1166,-619.0,0,4
2018-08-09,-163.0,345,22.0,1032,-1.0,0,6
2018-08-10,-511.0,217,-33.0,990,-362.0,0,8
2018-08-11,63.0,628,8.0,1055,770.0,0,5
2018-08-12,620.0,462,-12.0,1248,-470.0,0,12
2018-08-13,758.0,944,9.0,1227,317.0,0,5
2018-08-14,-1146.0,639,23.0,1153,184.0,0,5
2018-08-15,-1146.0,233,-31.0,940,-525.0,0,13
2018-08-16,-145.0,125,7.0,1071,171.0,0,6
2018-08-17,752.0,507,4.0,964,802.0,0,8
2018-08-18,-1285.0,330,-8.0,1202,-71.0,0,6
2018-08-19,1078.0,229,-14.0,1554,13.0,0,5
2018-08-20,-162.0,364,29.0,1001,415.0,3,5
2018-08-21,-49.0,413,-17.0,830,-244.0,0,7
2018-08-22,-1268.0,120,8.0,838,-966.0,0,3
2018-08-23,83.0,126,-19.0,821,-1341.0,2,12
2018-08-24,-115.0,187,26.0,827,1033.0,0,4
2018-08-25,-495.0,76,-32.0,1086,-345.0,0,2
2018-08-26,140.0,30,0.0,1154,-308.0,0,4
2018-08-27,240.0,52,23.0,804,843.0,2,20
2018-08-28,1120.0,533,18.0,671,125.0,1,10
2018-08-29,-908.0,111,-4.0,564,199.0,0,6
2018-08-30,87.0,56,-23.0,620,-1052.0,0,4
2018-08-31,1494.0,172,4.0,525,493.0,0,4
2018-09-01,-825.0,290,-8.0,478,686.0,0,11
2018-09-02,-1191.0,68,-2.0,538,226.0,1,3
2018-09-03,2129.0,566,6.0,799,623.0,5,7
2018-09-04,-1490.0,152,28.0,680,163.0,0,4
2018-09-05,14.0,252,-12.0,611,-62.0,1,8
2018-09-06,922.0,538,-20.0,663,-399.0,10,3
2018-09-07,535.0,581,11.0,657,-31.0,0,2
2018-09-08,-2159.0,188,-7.0,645,552.0,0,4
2018-09-09,1678.0,127,3.0,513,42.0,0,0
2018-09-10,406.0,197,37.0,671,-74.0,0,2
2018-09-11,-1359.0,166,-23.0,1174,-839.0,0,2
2018-09-12,863.0,278,10.0,979,-739.0,0,0
2018-09-13,-764.0,652,0.0,755,-610.0,0,15
2018-09-14,411.0,927,-10.0,962,324.0,0,40
2018-09-15,-1523.0,871,-11.0,940,537.0,0,24
2018-09-16,1552.0,761,-10.0,970,-127.0,0,3
2018-09-17,-402.0,211,-11.0,780,-378.0,0,3
2018-09-18,935.0,420,45.0,744,718.0,0,6
2018-09-19,-1372.0,121,-17.0,894,-1123.0,0,2
2018-09-20,2117.0,147,2.0,755,1519.0,3,8
2018-09-21,605.0,536,-12.0,405,431.0,0,13
2018-09-22,-2573.0,234,-8.0,484,-629.0,1,6
2018-09-23,365.0,57,1.0,705,-809.0,0,1
2018-09-24,-161.0,81,4.0,605,569.0,6,12
2018-09-25,1485.0,223,28.0,604,2024.0,7,8
2018-09-26,1467.0,467,-10.0,801,-660.0,0,11
2018-09-27,-1897.0,128,-41.0,650,-577.0,0,12
2018-09-28,-177.0,64,25.0,834,-738.0,126,7
2018-09-29,-1395.0,139,-15.0,1065,-1144.0,14,15
2018-09-30,380.0,61,1.0,753,410.0,77,7
2018-10-01,452.0,114,21.0,743,744.0,26,7
2018-10-02,-409.0,153,5.0,780,-84.0,9,6
2018-10-03,-112.0,87,15.0,952,-278.0,87,61
2018-10-04,597.0,65,-19.0,651,120.0,58,20
2018-10-05,681.0,116,-2.0,729,117.0,370,8
2018-10-06,-984.0,98,-13.0,714,931.0,80,4
2018-10-07,899.0,100,0.0,1114,373.0,129,7
2018-10-08,1474.0,270,14.0,1310,1110.0,323,4
2018-10-09,-768.0,576,4.0,762,666.0,362,9
2018-10-10,-1516.0,322,20.0,806,-11.0,726,34
2018-10-11,2752.0,1057,-26.0,557,-1183.0,492,17
2018-10-12,-1124.0,230,-28.0,454,-2021.0,177,25
2018-10-13,-1561.0,266,-9.0,508,188.0,234,9
2018-10-14,998.0,124,-13.0,447,-621.0,1023,31
2018-10-15,1653.0,218,47.0,472,1870.0,492,3
2018-10-16,-2731.0,86,-26.0,498,-1194.0,47,6
2018-10-17,-235.0,83,-1.0,579,-791.0,192,7
2018-10-18,949.0,103,-7.0,660,-737.0,134,0
2018-10-19,635.0,101,-13.0,674,1274.0,29,0
2018-10-20,-2229.0,59,12.0,796,315.0,267,17
2018-10-21,1257.0,67,-1.0,612,-2017.0,150,3
2018-10-22,123.0,165,-9.0,619,-328.0,25,1
2018-10-23,-472.0,117,17.0,717,1263.0,58,3
2018-10-24,-622.0,76,-6.0,978,548.0,126,3
2018-10-25,1103.0,77,18.0,701,562.0,30,1
2018-10-26,1010.0,104,-12.0,747,1295.0,13,5
2018-10-27,-2219.0,86,13.0,1119,-933.0,95,31
2018-10-28,410.0,65,-6.0,723,-351.0,77,16
2018-10-29,-238.0,51,24.0,824,-1076.0,37,26
2018-10-30,-544.0,58,3.0,864,-1044.0,125,10
2018-10-31,-32.0,108,-27.0,532,2545.0,263,3
2018-11-01,1441.0,80,33.0,548,831.0,81,16
2018-11-02,116.0,121,-12.0,521,-328.0,68,44
2018-11-03,-1769.0,54,-25.0,709,-677.0,262,30
2018-11-04,773.0,74,21.0,375,-14.0,382,28
2018-11-05,1232.0,153,19.0,871,1074.0,222,18
2018-11-06,145.0,184,5.0,1237,158.0,589,18
2018-11-07,-1007.0,60,-18.0,1393,-2782.0,958,5
2018-11-08,1014.0,66,-16.0,780,364.0,1243,5
2018-11-09,3479.0,153,12.0,831,2249.0,2135,15
2018-11-10,-4990.0,36,-24.0,636,-2787.0,1520,25
2018-11-11,1033.0,51,-11.0,512,-772.0,1324,4
2018-11-12,1535.0,100,39.0,534,3447.0,1961,11
2018-11-13,-432.0,106,-6.0,602,-36.0,1168,4
2018-11-14,-851.0,135,-7.0,360,-2321.0,424,6
2018-11-15,3607.0,1819,23.0,597,1065.0,1579,2
2018-11-16,475.0,600,12.0,804,-1811.0,2030,15
2018-11-17,-3913.0,107,-47.0,914,-468.0,1575,6
2018-11-18,-857.0,69,23.0,901,291.0,613,4
2018-11-19,-266.0,42,-7.0,1044,649.0,756,3
2018-11-20,1654.0,182,13.0,818,-467.0,1185,0
2018-11-21,-469.0,82,-10.0,804,-287.0,627,2
2018-11-22,-2710.0,23,27.0,778,619.0,355,0
2018-11-23,355.0,32,-18.0,551,618.0,319,39
2018-11-24,2091.0,68,25.0,1062,2024.0,801,28
2018-11-25,1333.0,1173,-36.0,1458,-2274.0,1103,88
2018-11-26,2260.0,1628,-7.0,651,960.0,1524,14
2018-11-27,-1385.0,168,3.0,385,-1261.0,1977,15
2018-11-28,-2050.0,102,8.0,482,-359.0,1317,12
2018-11-29,225.0,157,37.0,714,603.0,1201,9
2018-11-30,-1405.0,144,19.0,1796,928.0,745,14
2018-12-01,13.0,130,5.0,1356,3610.0,1490,19
2018-12-02,1761.0,313,4.0,1117,-1981.0,1842,9
2018-12-03,-1062.0,117,-23.0,836,-2552.0,1264,2
2018-12-04,-530.0,66,-5.0,387,-1108.0,1314,4
2018-12-05,-58.0,105,-5.0,283,21.0,1895,8
2018-12-06,872.0,103,-20.0,396,569.0,1651,9
2018-12-07,-325.0,53,18.0,476,1034.0,973,2
2018-12-08,-1041.0,279,-12.0,671,1001.0,698,2
2018-12-09,643.0,1701,-30.0,681,-498.0,942,3
2018-12-10,603.0,635,39.0,982,-1398.0,432,3
2018-12-11,-1102.0,96,-11.0,1091,-570.0,329,24
2018-12-12,-150.0,55,22.0,916,-158.0,684,21
2018-12-13,1235.0,67,-6.0,967,1703.0,536,123
2018-12-14,1042.0,210,2.0,1133,1909.0,168,15
2018-12-15,-2347.0,56,-36.0,943,-85.0,105,26
2018-12-16,1479.0,249,-39.0,789,-1938.0,87,4
2018-12-17,-1130.0,63,45.0,915,-1038.0,373,2
2018-12-18,384.0,100,-4.0,1053,-204.0,256,22
2018-12-19,230.0,72,11.0,847,395.0,234,49
2018-12-20,3691.0,179,1.0,704,3251.0,186,25
2018-12-21,1043.0,248,30.0,852,518.0,541,31
2018-12-22,-3035.0,62,-21.0,539,-3967.0,876,21
2018-12-23,-1320.0,37,-40.0,586,-86.0,1060,15
2018-12-24,-1502.0,43,32.0,635,-43.0,1109,6
2018-12-25,-338.0,54,-14.0,851,-149.0,892,6
2018-12-26,3034.0,678,32.0,887,1762.0,1201,13
2018-12-27,3092.0,876,10.0,661,2322.0,1817,47
2018-12-28,681.0,539,2.0,892,865.0,1832,23
2018-12-29,-2535.0,186,61.0,958,-4325.0,1671,9
2018-12-30,-1350.0,144,-79.0,775,595.0,830,22
2018-12-31,-678.0,287,36.0,1450,2843.0,1584,53
2019-01-01,483.0,161,122.0,890,-2786.0,1304,16
2019-01-02,1310.0,178,-64.0,707,85.0,835,6
2019-01-03,-1481.0,143,-77.0,532,1257.0,807,20
2019-01-04,-1213.0,75,2.0,645,-435.0,177,15
2019-01-05,160.0,135,13.0,1006,-1150.0,67,5
2019-01-06,1106.0,318,-15.0,811,-465.0,813,28
2019-01-07,-933.0,111,-51.0,674,422.0,961,98
2019-01-08,-984.0,207,-12.0,1122,-559.0,747,84
2019-01-09,-88.0,185,3.0,632,76.0,1415,11
2019-01-10,899.0,198,-25.0,508,-656.0,1157,2
2019-01-11,194.0,235,7.0,739,630.0,846,0
2019-01-12,-1023.0,391,62.0,1044,827.0,2161,0
2019-01-13,920.0,875,59.0,893,-342.0,1383,1
2019-01-14,-11.0,262,35.0,1014,-1184.0,442,1
2019-01-15,-332.0,265,-43.0,964,375.0,548,6
2019-01-16,-328.0,322,-36.0,939,457.0,1007,15
2019-01-17,1262.0,220,15.0,1006,1163.0,1279,30
2019-01-18,527.0,490,24.0,1630,-1056.0,1799,29
2019-01-19,-1719.0,1871,19.0,1057,2180.0,2042,78
2019-01-20,850.0,1388,-52.0,1081,-696.0,2188,13
2019-01-21,1857.0,709,70.0,1026,-2484.0,1504,50
2019-01-22,-1072.0,1366,-96.0,616,369.0,1795,53
2019-01-23,923.0,728,-5.0,619,3151.0,1869,37
2019-01-24,917.0,527,71.0,1696,209.0,1877,38
2019-01-25,-1301.0,215,120.0,772,-4002.0,1204,8
2019-01-26,-2495.0,84,44.0,704,315.0,1415,28
2019-01-27,1091.0,246,-42.0,1033,511.0,1408,69
2019-01-28,232.0,1732,-169.0,1362,-210.0,2075,223
2019-01-29,-709.0,1249,193.0,1774,263.0,2015,16
2019-01-30,780.0,2546,22.0,1232,-784.0,1459,15
2019-01-31,738.0,2118,-146.0,741,395.0,689,11
2019-02-01,953.0,524,-34.0,654,179.0,838,2
2019-02-02,-2754.0,376,-58.0,1312,816.0,289,21
2019-02-03,-590.0,386,-6.0,1955,525.0,975,54
2019-02-04,1551.0,410,52.0,2000,214.0,1409,17
2019-02-05,-824.0,566,-1.0,1819,-723.0,1823,31
2019-02-06,816.0,437,-21.0,1958,1352.0,2422,26
2019-02-07,1423.0,651,107.0,2043,624.0,2402,26
2019-02-08,-309.0,405,75.0,1365,-2246.0,1489,30
2019-02-09,-2206.0,309,-124.0,574,-364.0,1288,7
2019-02-10,2218.0,560,-62.0,781,1031.0,1776,10
2019-02-11,106.0,1044,41.0,1704,1601.0,2235,50
2019-02-12,733.0,2171,8.0,1490,511.0,2784,31
2019-02-13,-374.0,699,-59.0,892,-2146.0,2556,69
2019-02-14,-148.0,388,-35.0,868,-195.0,1181,60
2019-02-15,-159.0,254,74.0,900,-221.0,1837,46
2019-02-16,-2155.0,119,20.0,807,443.0,1417,46
2019-02-17,1415.0,792,-54.0,1129,144.0,2092,2
2019-02-18,1984.0,395,56.0,693,-371.0,2317,3
2019-02-19,-1082.0,388,220.0,698,676.0,1274,1
2019-02-20,1985.0,2210,-220.0,1173,1653.0,3358,23
2019-02-21,-936.0,779,-71.0,1436,-1278.0,1796,1
2019-02-22,-59.0,401,81.0,1594,-60.0,1286,9
2019-02-23,-2271.0,480,-39.0,1862,1377.0,1529,92
2019-02-24,685.0,1083,-22.0,2137,-748.0,2383,417
2019-02-25,1039.0,1231,79.0,894,-2937.0,1448,123
2019-02-26,-1491.0,583,0.0,785,644.0,1089,45
2019-02-27,-31.0,399,-28.0,969,767.0,1641,10
2019-02-28,1551.0,312,-13.0,1259,-132.0,1129,25
2019-03-01,422.0,373,-45.0,1121,480.0,1261,19
2019-03-02,-1396.0,468,88.0,1602,-398.0,2178,18
2019-03-03,921.0,973,126.0,1796,905.0,2180,13
2019-03-04,-208.0,867,112.0,1373,-1382.0,2196,20
2019-03-05,-1227.0,239,-315.0,888,-700.0,1498,10
2019-03-06,-244.0,263,42.0,460,699.0,1414,14
2019-03-07,603.0,226,50.0,568,-434.0,1433,42
2019-03-08,174.0,296,-100.0,996,707.0,1202,27
2019-03-09,980.0,466,-13.0,1337,1871.0,1318,133
2019-03-10,725.0,377,-4.0,1025,-932.0,1616,16
2019-03-11,-2560.0,303,24.0,902,-1139.0,467,4
2019-03-12,-239.0,286,-30.0,922,933.0,475,20
2019-03-13,558.0,1950,9.0,1261,1783.0,1068,275
2019-03-14,1583.0,1464,-2.0,1016,-1266.0,868,523
2019-03-15,-363.0,531,-43.0,285,-673.0,612,49
2019-03-16,-1943.0,344,4.0,392,-1383.0,685,2
2019-03-17,-346.0,333,5.0,388,-486.0,419,1
2019-03-18,-530.0,294,32.0,416,-117.0,187,2
2019-03-19,-195.0,317,-1.0,387,379.0,95,2
2019-03-20,529.0,333,-30.0,347,1124.0,144,2
2019-03-21,882.0,257,17.0,585,989.0,151,5
2019-03-22,930.0,340,-10.0,510,-923.0,749,18
2019-03-23,-1928.0,233,0.0,527,-330.0,464,15
2019-03-24,457.0,271,-9.0,531,16.0,160,3
2019-03-25,590.0,389,18.0,644,412.0,152,4
2019-03-26,-886.0,260,14.0,614,-722.0,56,2
2019-03-27,236.0,260,-32.0,301,-463.0,51,9
2019-03-28,-190.0,232,-3.0,307,389.0,207,5
2019-03-29,89.0,197,-4.0,628,1025.0,521,11
2019-03-30,-675.0,198,1.0,378,794.0,764,11
2019-03-31,1180.0,222,10.0,258,-923.0,804,5
2019-04-01,3810.0,330,-22.0,199,-1433.0,406,1
2019-04-02,-4690.0,233,1.0,415,1309.0,538,3
2019-04-03,104.0,312,26.0,489,-570.0,417,6
2019-04-04,1154.0,283,-18.0,583,1362.0,79,11
2019-04-05,-170.0,256,-10.0,1501,788.0,224,2
2019-04-06,-790.0,355,20.0,2269,-901.0,145,5
2019-04-07,1658.0,501,-11.0,1832,575.0,41,8
2019-04-08,173.0,412,-3.0,1139,370.0,216,23
2019-04-09,-673.0,257,3.0,1135,-568.0,332,27
2019-04-10,-676.0,980,3.0,881,-1488.0,1373,135
2019-04-11,515.0,924,10.0,689,-355.0,1816,185
2019-04-12,1678.0,259,-18.0,525,1578.0,1283,21
2019-04-13,-1829.0,840,-3.0,653,1225.0,653,16
2019-04-14,3444.0,2053,0.0,755,-81.0,666,21
2019-04-15,-903.0,816,20.0,459,-1249.0,399,30
2019-04-16,-3473.0,151,-12.0,240,-1532.0,153,5
2019-04-17,-111.0,452,16.0,554,845.0,64,10
2019-04-18,2592.0,308,-17.0,545,1751.0,88,30
2019-04-19,1501.0,1637,29.0,653,739.0,17,31
2019-04-20,-3299.0,339,-28.0,451,-553.0,18,8
2019-04-21,-686.0,171,-13.0,654,-2294.0,16,9
2019-04-22,1076.0,166,51.0,487,199.0,40,7
2019-04-23,-1229.0,198,-10.0,558,159.0,43,5
2019-04-24,369.0,350,-15.0,551,122.0,4,10
2019-04-25,-233.0,170,4.0,793,634.0,23,10
2019-04-26,2278.0,928,-13.0,550,839.0,19,35
2019-04-27,-2229.0,864,-26.0,375,-1192.0,589,31
2019-04-28,299.0,241,13.0,311,-1080.0,431,58
2019-04-29,1856.0,264,-20.0,508,898.0,456,19
2019-04-30,-1149.0,676,37.0,1243,1300.0,737,10
2019-05-01,-499.0,398,-1.0,1162,-296.0,688,5
2019-05-02,3225.0,567,18.0,1513,50.0,96,8
2019-05-03,-721.0,410,-16.0,1437,-327.0,24,4
2019-05-04,-2542.0,259,6.0,1754,156.0,13,7
2019-05-05,1567.0,330,4.0,748,136.0,55,7
2019-05-06,-743.0,225,-9.0,816,-1377.0,40,5
2019-05-07,-644.0,377,-11.0,778,317.0,22,13
2019-05-08,1571.0,896,19.0,819,1776.0,142,15
2019-05-09,79.0,492,6.0,772,-96.0,795,8
2019-05-10,-218.0,259,-24.0,428,-935.0,170,7
2019-05-11,-1217.0,425,-6.0,708,1169.0,19,2
2019-05-12,627.0,281,18.0,678,732.0,7,2
2019-05-13,818.0,298,-10.0,787,-2338.0,8,0
2019-05-14,-1968.0,197,12.0,554,-767.0,27,12
2019-05-15,-153.0,282,-4.0,520,-463.0,18,8
2019-05-16,1916.0,169,-13.0,564,618.0,26,19
2019-05-17,-505.0,166,-4.0,428,630.0,81,16
2019-05-18,-163.0,900,18.0,733,1010.0,346,33
2019-05-19,2278.0,542,-8.0,939,1117.0,231,22
2019-05-20,-1231.0,519,22.0,765,-1734.0,449,20
2019-05-21,319.0,554,0.0,708,1262.0,920,89
2019-05-22,-2002.0,184,19.0,631,-750.0,530,20
2019-05-23,2961.0,590,-28.0,574,-968.0,205,53
2019-05-24,-1212.0,157,11.0,776,434.0,75,10
2019-05-25,-3321.0,33,-8.0,704,-1185.0,5,14
2019-05-26,279.0,166,6.0,701,756.0,25,28
2019-05-27,1265.0,739,-8.0,702,563.0,42,42
2019-05-28,1222.0,873,0.0,557,-331.0,52,14
2019-05-29,323.0,1859,-5.0,617,-578.0,21,3
2019-05-30,309.0,712,1.0,842,161.0,10,13
2019-05-31,-1455.0,287,-15.0,858,-743.0,0,8
2019-06-01,-441.0,266,22.0,671,30.0,0,3
2019-06-02,1486.0,552,-17.0,727,37.0,0,11
2019-06-03,-1020.0,307,4.0,536,-463.0,2,7
2019-06-04,-994.0,210,16.0,432,254.0,4,13
2019-06-05,2246.0,495,22.0,590,2163.0,0,15
2019-06-06,-615.0,233,-7.0,1003,204.0,2,18
2019-06-07,196.0,283,-14.0,815,-345.0,14,28
2019-06-08,65.0,584,-28.0,632,-439.0,55,15
2019-06-09,1759.0,1272,5.0,578,727.0,3,44
2019-06-10,300.0,964,3.0,681,-707.0,0,8
2019-06-11,-1487.0,217,25.0,510,-501.0,0,1
2019-06-12,-335.0,294,-8.0,348,267.0,0,3
2019-06-13,1496.0,163,5.0,507,578.0,3,6
2019-06-14,-2098.0,114,-11.0,367,-1488.0,0,18
2019-06-15,-35.0,341,1.0,304,357.0,1,16
2019-06-16,2170.0,1124,9.0,794,1307.0,1,22
2019-06-17,220.0,713,10.0,982,-694.0,1,9
2019-06-18,-246.0,581,11.0,1121,755.0,1,7
2019-06-19,606.0,631,14.0,973,-487.0,1,14
2019-06-20,109.0,986,-3.0,932,910.0,14,39
2019-06-21,-758.0,473,-4.0,586,-1386.0,21,20
2019-06-22,-1861.0,319,20.0,384,-437.0,28,27
2019-06-23,1429.0,731,-27.0,551,1004.0,25,15
2019-06-24,232.0,487,-20.0,601,-42.0,0,16
2019-06-25,379.0,290,51.0,524,-1106.0,0,12
2019-06-26,-1941.0,165,-17.0,428,-969.0,0,5
2019-06-27,436.0,252,2.0,638,412.0,0,18
2019-06-28,156.0,325,-5.0,753,-144.0,0,19
2019-06-29,-73.0,707,-14.0,766,74.0,0,17
2019-06-30,534.0,588,18.0,565,368.0,0,13
2019-07-01,-1669.0,297,-20.0,491,-225.0,0,13
2019-07-02,-348.0,386,15.0,472,111.0,0,13
2019-07-03,221.0,193,11.0,722,355.0,0,11
2019-07-04,-1340.0,298,-11.0,784,-86.0,0,8
2019-07-05,1085.0,181,-3.0,1336,108.0,0,7
2019-07-06,1212.0,1028,14.0,939,192.0,0,10
2019-07-07,1447.0,517,-23.0,873,-592.0,0,13
2019-07-08,331.0,237,0.0,669,148.0,0,13
2019-07-09,-2703.0,127,-4.0,616,31.0,0,16
2019-07-10,-280.0,472,2.0,661,-84.0,0,7
2019-07-11,2227.0,1574,2.0,597,-14.0,0,5
2019-07-12,-333.0,400,-20.0,604,250.0,0,10
2019-07-13,-2339.0,498,23.0,603,-440.0,0,17
2019-07-14,711.0,275,-1.0,499,222.0,0,17
2019-07-15,520.0,253,-20.0,446,515.0,0,16
2019-07-16,-14.0,161,14.0,605,-145.0,0,5
2019-07-17,1404.0,1031,6.0,624,370.0,0,10
2019-07-18,1919.0,1499,29.0,790,-295.0,1,8
2019-07-19,-1351.0,475,-36.0,575,-1173.0,0,5
2019-07-20,-751.0,349,5.0,528,591.0,0,46
2019-07-21,926.0,466,5.0,529,-143.0,0,10
2019-07-22,-1298.0,1126,-1.0,429,1300.0,0,20
2019-07-23,396.0,476,-10.0,367,742.0,0,8
2019-07-24,-1295.0,119,-10.0,634,-2233.0,0,9
2019-07-25,-1045.0,122,25.0,544,-373.0,0,2
2019-07-26,94.0,115,-18.0,524,4.0,0,0
2019-07-27,-818.0,76,1.0,538,-54.0,0,6
2019-07-28,682.0,87,-27.0,638,419.0,0,2
2019-07-29,1687.0,471,15.0,564,503.0,0,9
2019-07-30,131.0,357,-5.0,738,-608.0,0,5
2019-07-31,49.0,1142,2.0,836,100.0,0,9
2019-08-01,1864.0,578,-14.0,841,173.0,0,7
2019-08-02,-575.0,536,1.0,680,618.0,0,6
2019-08-03,-2682.0,146,1.0,990,-365.0,0,3
2019-08-04,1214.0,132,-15.0,1132,-209.0,1,7
2019-08-05,-1016.0,103,34.0,1079,239.0,0,9
2019-08-06,994.0,431,-7.0,908,-90.0,0,4
2019-08-07,685.0,1748,6.0,854,287.0,0,14
2019-08-08,828.0,722,16.0,692,281.0,0,9
2019-08-09,-1774.0,193,-16.0,633,-811.0,0,7
2019-08-10,-1737.0,79,-31.0,628,301.0,0,8
2019-08-11,958.0,129,14.0,805,36.0,0,13
2019-08-12,-203.0,311,2.0,912,-29.0,0,19
2019-08-13,1332.0,351,24.0,913,698.0,0,9
2019-08-14,550.0,273,-9.0,1009,-503.0,0,15
2019-08-15,-217.0,400,1.0,1100,-245.0,0,13
2019-08-16,-115.0,189,-14.0,1096,333.0,1,6
2019-08-17,-701.0,177,10.0,917,-15.0,0,15
2019-08-18,1329.0,1366,27.0,840,302.0,0,41
2019-08-19,-232.0,642,-4.0,795,-949.0,1,4
2019-08-20,255.0,1069,8.0,920,253.0,0,11
2019-08-21,-819.0,679,-11.0,909,415.0,0,9
2019-08-22,232.0,623,-4.0,790,214.0,1,11
2019-08-23,-322.0,292,-5.0,628,159.0,0,10
2019-08-24,-2965.0,66,-27.0,606,-449.0,0,8
2019-08-25,891.0,64,-1.0,510,25.0,0,5
2019-08-26,958.0,278,20.0,566,1778.0,0,15
2019-08-27,-200.0,311,15.0,680,-606.0,0,10
2019-08-28,-465.0,130,-20.0,802,-1396.0,0,5
2019-08-29,94.0,73,7.0,567,-581.0,0,4
2019-08-30,193.0,621,-13.0,468,185.0,0,29
2019-08-31,-1523.0,191,-6.0,530,-189.0,0,0
2019-09-01,-311.0,230,1.0,688,298.0,0,3
2019-09-02,1444.0,1183,-14.0,1102,345.0,0,17
2019-09-03,49.0,1569,62.0,1237,-88.0,1,9
2019-09-04,-695.0,971,2.0,637,-659.0,0,11
2019-09-05,-461.0,557,-17.0,760,388.0,0,22
2019-09-06,836.0,380,27.0,641,441.0,0,45
2019-09-07,-1328.0,200,-34.0,842,-513.0,0,3
2019-09-08,1457.0,231,-20.0,713,708.0,2,9
2019-09-09,203.0,206,16.0,1083,381.0,2,11
2019-09-10,-32.0,188,33.0,1104,-534.0,0,10
2019-09-11,279.0,194,-39.0,1085,526.0,9,14
2019-09-12,1977.0,426,10.0,1010,708.0,15,11
2019-09-13,-794.0,191,-16.0,891,-541.0,6,2
2019-09-14,-2979.0,46,-19.0,492,-1380.0,2,4
2019-09-15,1707.0,167,-4.0,1082,419.0,2,0
2019-09-16,-472.0,115,17.0,1229,-669.0,1,11
2019-09-17,80.0,109,-10.0,981,185.0,0,23
2019-09-18,395.0,145,7.0,640,508.0,0,6
2019-09-19,586.0,1171,6.0,815,-231.0,0,0
2019-09-20,-45.0,437,5.0,850,148.0,1,6
2019-09-21,-2180.0,55,-11.0,730,465.0,0,7
2019-09-22,765.0,48,10.0,634,791.0,4,6
2019-09-23,647.0,260,-7.0,800,-981.0,0,3
2019-09-24,-1140.0,97,19.0,761,-513.0,1,5
2019-09-25,-233.0,63,1.0,581,-384.0,0,5
2019-09-26,1528.0,51,-3.0,697,446.0,2,13
2019-09-27,324.0,1253,-28.0,926,365.0,4,0
2019-09-28,-1064.0,245,-4.0,634,886.0,96,25
2019-09-29,614.0,141,-12.0,1330,422.0,308,44
2019-09-30,-14.0,116,21.0,1253,-912.0,76,9
2019-10-01,-1000.0,69,-8.0,963,354.0,109,5
2019-10-02,306.0,90,19.0,1160,575.0,168,4
2019-10-03,694.0,69,-9.0,1246,-280.0,85,2
2019-10-04,152.0,69,4.0,775,-1090.0,22,16
2019-10-05,-1572.0,47,-4.0,794,1031.0,61,20
2019-10-06,1267.0,161,-8.0,726,-648.0,6,1
2019-10-07,163.0,100,-10.0,499,762.0,13,9
2019-10-08,-728.0,81,60.0,963,-1077.0,25,11
2019-10-09,815.0,98,10.0,926,-523.0,368,7
2019-10-10,1952.0,387,-42.0,784,1038.0,647,31
2019-10-11,1265.0,297,-30.0,550,1622.0,602,68
2019-10-12,-4618.0,68,12.0,588,-2603.0,765,56
2019-10-13,1104.0,82,-9.0,606,397.0,517,0
2019-10-14,-238.0,63,24.0,966,-77.0,67,3
2019-10-15,-128.0,79,4.0,847,647.0,26,2
2019-10-16,1432.0,131,9.0,769,2542.0,53,4
2019-10-17,194.0,340,-28.0,663,-2826.0,30,28
2019-10-18,-644.0,84,2.0,514,-961.0,111,27
2019-10-19,-1339.0,50,3.0,572,2014.0,74,10
2019-10-20,2495.0,220,-4.0,1519,241.0,327,80
2019-10-21,1254.0,369,-8.0,1354,655.0,199,96
2019-10-22,-2204.0,153,27.0,950,-481.0,49,51
2019-10-23,-1241.0,68,-27.0,693,-1670.0,275,22
2019-10-24,1174.0,481,-1.0,488,-358.0,432,13
2019-10-25,924.0,182,10.0,511,1552.0,98,28
2019-10-26,-2292.0,164,14.0,945,784.0,189,26
2019-10-27,1922.0,177,-28.0,771,247.0,546,28
2019-10-28,-931.0,210,18.0,1423,-3429.0,604,7
2019-10-29,668.0,720,7.0,1585,2001.0,1056,5
2019-10-30,1425.0,290,31.0,1746,2699.0,864,15
2019-10-31,-501.0,734,-26.0,923,365.0,816,17
2019-11-01,-1280.0,303,-12.0,226,-4072.0,584,43
2019-11-02,-1692.0,74,-22.0,420,-931.0,486,1
2019-11-03,452.0,68,-1.0,551,-40.0,249,5
2019-11-04,-174.0,62,7.0,535,305.0,596,1
2019-11-05,27.0,78,44.0,898,256.0,374,6
2019-11-06,165.0,102,-24.0,1331,-231.0,939,1
2019-11-07,1719.0,94,-16.0,1014,2055.0,721,5
2019-11-08,81.0,94,16.0,757,-1304.0,497,4
2019-11-09,-2363.0,44,-33.0,529,-996.0,316,1
2019-11-10,546.0,66,-6.0,832,-260.0,702,4
2019-11-11,3142.0,1695,39.0,1083,915.0,2362,95
2019-11-12,189.0,236,10.0,687,1059.0,1746,9
2019-11-13,-2608.0,151,-25.0,532,-1769.0,830,5
2019-11-14,126.0,113,-11.0,793,519.0,606,6
2019-11-15,98.0,70,19.0,976,932.0,101,1
2019-11-16,-1568.0,45,-5.0,1027,-888.0,115,1
2019-11-17,913.0,51,-34.0,843,-109.0,210,8
2019-11-18,906.0,102,21.0,1417,264.0,107,7
2019-11-19,-1132.0,127,20.0,1872,379.0,361,0
2019-11-20,536.0,146,4.0,1771,148.0,470,31
2019-11-21,66.0,75,-1.0,887,1551.0,1071,1
2019-11-22,496.0,59,-20.0,882,-167.0,686,3
2019-11-23,-1441.0,26,-27.0,1009,-594.0,131,7
2019-11-24,312.0,34,38.0,592,-512.0,394,35
2019-11-25,-194.0,115,-18.0,748,-1438.0,491,46
2019-11-26,1226.0,643,10.0,1118,420.0,1052,100
2019-11-27,1344.0,123,68.0,836,2874.0,1468,175
2019-11-28,-3349.0,18,-69.0,683,-1465.0,1337,35
2019-11-29,450.0,378,27.0,2154,28.0,1353,32
2019-11-30,3755.0,369,17.0,1663,1087.0,2343,160
2019-12-01,1937.0,798,-11.0,1073,721.0,2147,94
2019-12-02,-674.0,850,4.0,553,-2807.0,1622,17
2019-12-03,-1852.0,412,-14.0,636,-1223.0,963,12
2019-12-04,-854.0,153,-25.0,718,851.0,605,10
2019-12-05,-1086.0,73,9.0,1139,-563.0,835,17
2019-12-06,231.0,132,-24.0,712,469.0,479,7
2019-12-07,-1542.0,119,2.0,910,112.0,219,10
2019-12-08,862.0,88,-16.0,1207,12.0,589,10
2019-12-09,2640.0,375,72.0,2231,2154.0,1036,27
2019-12-10,-2118.0,126,130.0,1054,-64.0,1307,2
2019-12-11,1522.0,151,28.0,838,-1458.0,1537,4
2019-12-12,-1259.0,60,-180.0,640,-426.0,894,5
2019-12-13,1258.0,152,-22.0,1826,2180.0,1096,19
2019-12-14,-1677.0,94,52.0,3333,457.0,1415,10
2019-12-15,205.0,135,28.0,1591,-3337.0,1647,15
2019-12-16,1046.0,174,-26.0,1398,992.0,1463,7
2019-12-17,1075.0,332,29.0,1174,1215.0,1378,11
2019-12-18,-164.0,297,80.0,554,-2219.0,1098,8
2019-12-19,1.0,156,-150.0,413,-68.0,546,8
2019-12-20,-269.0,106,-9.0,693,435.0,247,17
2019-12-21,-465.0,52,-7.0,852,288.0,77,13
2019-12-22,1603.0,126,-2.0,1084,1086.0,73,9
2019-12-23,10.0,217,32.0,1531,574.0,139,0
2019-12-24,-2910.0,339,-33.0,1782,-1990.0,393,0
2019-12-25,-1139.0,167,-13.0,1918,-283.0,620,2
2019-12-26,2601.0,127,29.0,1810,200.0,664,1
2019-12-27,-495.0,199,23.0,1749,439.0,555,2
2019-12-28,1644.0,352,-16.0,2700,2167.0,1090,5
2019-12-29,-300.0,319,-3.0,1791,2372.0,1412,55
2019-12-30,201.0,335,42.0,1102,-2174.0,1981,51
2019-12-31,-2280.0,160,-24.0,606,-2943.0,1539,15
2020-01-01,-821.0,145,-50.0,359,58.0,830,45
2020-01-02,566.0,112,7.0,599,1798.0,624,14
2020-01-03,1133.0,141,14.0,1434,1122.0,512,6
2020-01-04,463.0,150,0.0,1485,-89.0,801,17
2020-01-05,-759.0,100,-2.0,436,-2972.0,919,92
2020-01-06,-923.0,67,5.0,392,-256.0,658,55
2020-01-07,-1137.0,95,-8.0,344,385.0,763,30
2020-01-08,616.0,118,96.0,500,-293.0,1227,9
2020-01-09,-657.0,73,-87.0,382,342.0,840,12
2020-01-10,1379.0,848,28.0,787,2026.0,936,15
2020-01-11,189.0,1558,96.0,689,2658.0,1661,59
2020-01-12,388.0,265,-130.0,812,-2832.0,1354,24
2020-01-13,-279.0,243,30.0,1988,-514.0,1515,27
2020-01-14,-1025.0,279,64.0,2858,474.0,1324,3
2020-01-15,-501.0,104,22.0,2872,-1569.0,904,3
2020-01-16,2922.0,268,70.0,1388,1056.0,1303,21
2020-01-17,-996.0,1679,-88.0,1316,-74.0,1922,38
2020-01-18,-584.0,589,-60.0,1499,1097.0,3335,224
2020-01-19,-950.0,114,-22.0,936,-1857.0,2053,8
2020-01-20,164.0,63,72.0,497,-1150.0,1499,5
2020-01-21,-509.0,134,-52.0,516,642.0,669,8
2020-01-22,-232.0,86,-28.0,801,1075.0,1099,18
2020-01-23,995.0,137,6.0,1704,613.0,1492,1
2020-01-24,17.0,345,17.0,1932,1188.0,1330,2
2020-01-25,-893.0,75,-14.0,1577,-687.0,1237,2
2020-01-26,202.0,40,8.0,1674,-1032.0,977,1
2020-01-27,919.0,312,-15.0,1756,-530.0,1330,8
2020-01-28,-1301.0,67,12.0,1675,463.0,1521,17
2020-01-29,-410.0,42,-17.0,944,-489.0,1034,13
2020-01-30,802.0,64,22.0,1377,-766.0,621,16
2020-01-31,864.0,103,-23.0,1304,1148.0,1023,11
2020-02-01,-1112.0,67,12.0,1891,2.0,543,37
2020-02-02,-135.0,51,-33.0,683,-1284.0,638,19
2020-02-03,1077.0,262,44.0,443,-16.0,723,71
2020-02-04,-1077.0,125,48.0,596,1967.0,743,5
2020-02-05,419.0,326,1.0,858,1196.0,1464,5
2020-02-06,5098.0,988,-44.0,1405,2125.0,1916,13
2020-02-07,135.0,1063,5.0,840,-2661.0,2810,81
2020-02-08,-5251.0,130,55.0,662,-2324.0,1850,8
2020-02-09,1877.0,653,-62.0,875,52.0,1746,11
2020-02-10,-989.0,128,52.0,1228,3003.0,962,5
2020-02-11,-975.0,135,20.0,1937,-21.0,1116,37
2020-02-12,420.0,352,-24.0,1548,-643.0,1759,53
2020-02-13,5253.0,617,75.0,1281,257.0,2094,9
2020-02-14,-4230.0,54,122.0,518,-2809.0,791,27
2020-02-15,-1481.0,18,-231.0,279,-217.0,415,3
2020-02-16,-105.0,85,-23.0,754,1026.0,530,7
2020-02-17,426.0,54,-6.0,1497,-198.0,1053,6
2020-02-18,712.0,78,36.0,1705,1390.0,1416,5
2020-02-19,-926.0,38,74.0,957,-411.0,677,3
2020-02-20,739.0,313,133.0,632,453.0,935,9
2020-02-21,-101.0,72,-186.0,246,-2212.0,268,7
2020-02-22,-1065.0,11,-55.0,327,118.0,26,1
2020-02-23,500.0,43,-9.0,398,686.0,321,12
2020-02-24,-35.0,52,14.0,621,1714.0,434,66
2020-02-25,195.0,69,-9.0,1274,-15.0,736,67
2020-02-26,1731.0,63,24.0,1540,-933.0,1281,9
2020-02-27,-623.0,147,-31.0,495,-588.0,1616,18
2020-02-28,-914.0,66,12.0,414,-1136.0,1055,2
2020-02-29,-738.0,35,-11.0,487,184.0,614,14
2020-03-01,469.0,77,3.0,298,-195.0,481,32
2020-03-02,-272.0,24,17.0,462,1606.0,439,20
2020-03-03,-441.0,44,9.0,1007,1247.0,373,53
2020-03-04,1564.0,97,-20.0,883,272.0,285,52
2020-03-05,-991.0,42,5.0,451,-757.0,503,97
2020-03-06,747.0,36,-22.0,516,-1369.0,658,7
2020-03-07,-1479.0,44,-26.0,229,-574.0,264,14
2020-03-08,733.0,65,-8.0,338,-87.0,177,33
2020-03-09,-430.0,93,22.0,388,1694.0,351,7
2020-03-10,359.0,198,29.0,588,707.0,269,8
2020-03-11,-223.0,282,-9.0,1600,-1348.0,382,35
2020-03-12,292.0,131,-8.0,1310,-71.0,338,15
2020-03-13,2285.0,332,0.0,729,2360.0,833,11
2020-03-14,-1859.0,192,-18.0,966,-1149.0,1662,14
2020-03-15,-454.0,280,2.0,1212,-450.0,771,3
2020-03-16,-583.0,451,18.0,1292,-293.0,647,5
2020-03-17,-120.0,1188,14.0,1614,625.0,306,5
2020-03-18,300.0,2280,0.0,1562,194.0,438,1
2020-03-19,776.0,4133,2.0,1972,2322.0,1043,59
2020-03-20,-113.0,4566,-9.0,944,-1554.0,976,56
2020-03-21,-920.0,4677,2.0,384,-2063.0,296,8
2020-03-22,-145.0,6430,-5.0,884,498.0,680,1
2020-03-23,-165.0,8610,3.0,1814,1803.0,923,3
2020-03-24,-411.0,8817,0.0,1378,-1317.0,673,10
2020-03-25,-137.0,9951,-7.0,1417,210.0,560,8
2020-03-26,-94.0,10822,5.0,1148,-1871.0,337,17
2020-03-27,-62.0,11686,8.0,1070,315.0,227,32
2020-03-28,64.0,9280,-21.0,1237,2999.0,382,45
2020-03-29,-105.0,10705,18.0,1232,-768.0,505,43
2020-03-30,15.0,11808,-14.0,815,-1094.0,373,6
2020-03-31,21.0,10935,4.0,558,613.0,341,4
2020-04-01,117.0,8363,-6.0,408,-1313.0,486,8
2020-04-02,-95.0,8685,14.0,613,-618.0,978,7
2020-04-03,-22.0,8212,10.0,516,1311.0,841,6
2020-04-04,-188.0,6625,-20.0,461,-294.0,255,2
2020-04-05,-40.0,7608,-7.0,940,-627.0,143,1
2020-04-06,764.0,7964,9.0,1009,61.0,139,8
2020-04-07,-802.0,6609,9.0,1212,480.0,69,8
2020-04-08,95.0,4929,9.0,1144,-210.0,68,33
2020-04-09,-3.0,5161,12.0,532,700.0,819,74
2020-04-10,-106.0,5200,-15.0,219,-1103.0,722,13
2020-04-11,-33.0,4538,-15.0,179,-531.0,299,6
2020-04-12,85.0,4352,14.0,720,2798.0,1236,92
2020-04-13,57.0,4212,30.0,577,1538.0,1259,64
2020-04-14,-142.0,3184,-16.0,285,-4669.0,1209,5
2020-04-15,13.0,3067,-9.0,366,674.0,1113,8
2020-04-16,-41.0,3915,-6.0,267,-581.0,1122,6
2020-04-17,85.0,3695,5.0,373,376.0,1017,8
2020-04-18,-23.0,2865,9.0,509,1134.0,398,2
2020-04-19,43.0,3449,-26.0,712,144.0,163,6
2020-04-20,-99.0,3432,18.0,688,446.0,79,19
2020-04-21,-42.0,3330,-11.0,697,-1453.0,457,15
2020-04-22,46.0,3282,0.0,449,553.0,383,4
2020-04-23,-9.0,3377,5.0,740,2022.0,119,18
2020-04-24,149.0,3071,16.0,1124,-243.0,143,7
2020-04-25,-112.0,2695,-21.0,891,-1344.0,17,4
2020-04-26,-14.0,2999,5.0,765,34.0,13,3
2020-04-27,-43.0,3160,-9.0,354,-490.0,99,9
2020-04-28,9.0,3025,34.0,622,27.0,33,52
2020-04-29,13.0,2892,-6.0,569,1629.0,68,71
2020-04-30,46.0,2952,-26.0,493,836.0,26,17
2020-05-01,-15.0,2449,30.0,569,-2292.0,1,21
2020-05-02,-39.0,1420,-13.0,347,-928.0,1,18
2020-05-03,73.0,640,-1.0,317,304.0,45,11
2020-05-04,-12.0,674,-13.0,423,174.0,42,16
2020-05-05,-37.0,305,3.0,555,674.0,25,22
2020-05-06,-18.0,347,-9.0,379,-384.0,28,16
2020-05-07,73.0,436,17.0,309,-1063.0,30,36
2020-05-08,52.0,465,-1.0,276,1790.0,256,54
2020-05-09,-138.0,291,-8.0,258,-1335.0,769,33
2020-05-10,51.0,381,-2.0,205,206.0,139,13
2020-05-11,-5.0,368,0.0,205,167.0,191,13
2020-05-12,-41.0,221,13.0,476,576.0,191,11
2020-05-13,-17.0,303,9.0,763,-185.0,49,5
2020-05-14,289.0,259,-4.0,1018,1135.0,11,20
2020-05-15,-118.0,285,1.0,743,-52.0,24,17
2020-05-16,-77.0,207,9.0,943,-14.0,3,30
2020-05-17,12.0,261,-29.0,622,1072.0,6,4
2020-05-18,5.0,266,19.0,750,198.0,46,25
2020-05-19,-83.0,197,13.0,631,-699.0,20,20
2020-05-20,48.0,315,13.0,578,-772.0,9,38
2020-05-21,97.0,213,-26.0,668,-151.0,19,27
2020-05-22,90.0,205,-4.0,843,80.0,25,12
2020-05-23,-154.0,172,-4.0,1061,-192.0,124,18
2020-05-24,117.0,245,-6.0,828,-499.0,46,31
2020-05-25,-87.0,212,-9.0,912,1406.0,22,24
2020-05-26,-29.0,153,22.0,1126,213.0,0,6
2020-05-27,62.0,277,13.0,1123,-594.0,0,7
2020-05-28,69.0,186,-3.0,960,1040.0,0,6
2020-05-29,-38.0,189,-29.0,704,-1792.0,0,7
2020-05-30,-82.0,153,8.0,583,-740.0,0,17
2020-05-31,43.0,166,-11.0,330,-545.0,2,29
2020-06-01,15.0,70,13.0,253,-128.0,5,8
2020-06-02,-93.0,41,-17.0,424,-9.0,4,9
2020-06-03,40.0,32,27.0,494,576.0,0,23
2020-06-04,132.0,31,-9.0,779,405.0,0,27
2020-06-05,29.0,46,22.0,799,293.0,0,47
2020-06-06,-50.0,48,-33.0,786,48.0,1,120
2020-06-07,1.0,105,-3.0,260,213.0,25,104
2020-06-08,-67.0,71,5.0,365,-371.0,66,55
2020-06-09,15.0,27,13.0,587,957.0,83,146
2020-06-10,3.0,32,17.0,569,44.0,1,79
2020-06-11,111.0,23,-6.0,390,-1004.0,0,7
2020-06-12,5.0,34,-14.0,495,-1043.0,0,10
2020-06-13,-47.0,52,0.0,274,94.0,0,44
2020-06-14,44.0,29,-25.0,222,-105.0,21,37
2020-06-15,-107.0,33,23.0,309,507.0,2,10
2020-06-16,-65.0,23,17.0,363,350.0,2,46
2020-06-17,57.0,26,3.0,420,-356.0,11,15
2020-06-18,83.0,13,-1.0,635,167.0,0,4
2020-06-19,145.0,33,-27.0,718,498.0,2,9
2020-06-20,-3.0,17,17.0,909,190.0,0,5
2020-06-21,385.0,33,-12.0,950,-463.0,0,9
2020-06-22,89.0,23,34.0,775,809.0,0,16
2020-06-23,-349.0,24,17.0,654,-8.0,0,27
2020-06-24,-231.0,44,-15.0,495,-849.0,1,16
2020-06-25,214.0,30,-12.0,609,120.0,0,14
2020-06-26,26.0,12,-14.0,593,-285.0,0,18
2020-06-27,-139.0,26,-2.0,979,161.0,0,22
2020-06-28,155.0,23,14.0,886,42.0,0,45
2020-06-29,25.0,19,-3.0,739,417.0,0,24
2020-06-30,-248.0,10,19.0,555,-120.0,1,7
2020-07-01,281.0,41,-16.0,789,-141.0,0,11
2020-07-02,285.0,67,-14.0,1198,-1239.0,0,9
2020-07-03,-353.0,111,11.0,619,43.0,0,12
2020-07-04,-133.0,90,9.0,802,156.0,1,7
2020-07-05,395.0,35,-3.0,1836,158.0,0,8
2020-07-06,263.0,65,13.0,714,781.0,0,13
2020-07-07,-228.0,26,12.0,812,569.0,0,7
2020-07-08,-295.0,16,-4.0,860,-805.0,0,25
2020-07-09,246.0,61,2.0,764,-181.0,0,27
2020-07-10,492.0,104,-19.0,587,652.0,0,19
2020-07-11,-722.0,65,-9.0,591,-569.0,0,12
2020-07-12,270.0,45,-14.0,332,-502.0,0,27
2020-07-13,-224.0,57,40.0,650,-165.0,0,21
2020-07-14,-191.0,51,-17.0,569,267.0,0,16
2020-07-15,241.0,74,12.0,602,484.0,0,11
2020-07-16,-47.0,57,-18.0,816,-198.0,0,6
2020-07-17,10.0,59,-6.0,773,-517.0,0,7
2020-07-18,63.0,89,14.0,635,191.0,1,13
2020-07-19,683.0,95,-1.0,459,-96.0,0,10
2020-07-20,-435.0,105,-29.0,418,176.0,0,3
2020-07-21,-290.0,122,30.0,551,812.0,0,10
2020-07-22,108.0,147,-14.0,709,204.0,0,7
2020-07-23,-86.0,54,18.0,673,-164.0,0,13
2020-07-24,74.0,76,-43.0,660,-190.0,0,5
2020-07-25,-101.0,194,10.0,711,-55.0,0,24
2020-07-26,-83.0,272,-2.0,449,73.0,0,19
2020-07-27,90.0,167,3.0,352,11.0,0,7
2020-07-28,-246.0,173,25.0,536,401.0,0,11
2020-07-29,-43.0,233,-17.0,596,-160.0,0,1
2020-07-30,291.0,132,0.0,659,236.0,0,10
2020-07-31,-40.0,43,18.0,616,-245.0,1,7
2020-08-01,46.0,180,-31.0,719,-52.0,0,10
2020-08-02,35.0,115,5.0,631,-104.0,0,1
2020-08-03,405.0,150,2.0,519,-81.0,0,12
2020-08-04,-360.0,705,29.0,704,955.0,0,76
2020-08-05,-332.0,77,-11.0,568,-1830.0,0,4
2020-08-06,284.0,77,17.0,649,106.0,0,3
2020-08-07,-71.0,64,-32.0,656,164.0,0,8
2020-08-08,-178.0,29,-5.0,724,-232.0,0,4
2020-08-09,271.0,27,-1.0,785,157.0,0,9
2020-08-10,563.0,111,40.0,696,-12.0,0,41
2020-08-11,-917.0,63,-11.0,793,4.0,0,12
2020-08-12,234.0,114,-3.0,743,-12.0,0,14
2020-08-13,212.0,74,-3.0,721,161.0,0,7
2020-08-14,-132.0,91,-3.0,719,310.0,0,10
2020-08-15,-1.0,65,-4.0,673,490.0,0,4
2020-08-16,252.0,155,-21.0,733,-468.0,0,10
2020-08-17,-217.0,137,11.0,774,-765.0,0,26
2020-08-18,-297.0,92,17.0,794,101.0,0,6
2020-08-19,144.0,55,3.0,789,61.0,0,4
2020-08-20,-11.0,71,-9.0,837,-138.0,1,5
2020-08-21,-21.0,65,-19.0,1044,889.0,0,13
2020-08-22,-56.0,75,-5.0,1502,-43.0,0,6
2020-08-23,663.0,49,14.0,1593,-681.0,0,4
2020-08-24,-485.0,96,12.0,1253,557.0,0,5
2020-08-25,-341.0,75,6.0,1062,-7.0,0,8
2020-08-26,193.0,604,-5.0,717,-433.0,0,9
2020-08-27,157.0,440,0.0,660,493.0,0,66
2020-08-28,436.0,167,39.0,711,1010.0,0,23
2020-08-29,-692.0,71,-31.0,420,360.0,0,13
2020-08-30,887.0,182,-2.0,686,-1553.0,0,13
2020-08-31,-467.0,51,9.0,671,1147.0,2,8
2020-09-01,-47.0,266,-3.0,1081,-433.0,2,12
2020-09-02,-420.0,166,3.0,1014,421.0,1,19
2020-09-03,412.0,32,7.0,1233,-911.0,0,18
2020-09-04,-88.0,18,-31.0,749,-1017.0,0,3
2020-09-05,-181.0,22,-32.0,570,-179.0,2,1
2020-09-06,-92.0,26,14.0,640,248.0,0,7
2020-09-07,258.0,24,-8.0,707,174.0,12,13
2020-09-08,401.0,128,45.0,1180,1981.0,454,81
2020-09-09,-192.0,74,4.0,1321,1445.0,394,18
2020-09-10,-326.0,52,-17.0,1856,-828.0,89,3
2020-09-11,-153.0,59,-20.0,1969,-1443.0,22,3
2020-09-12,10.0,146,10.0,1793,868.0,2,2
2020-09-13,5.0,195,-14.0,1548,-931.0,0,3
2020-09-14,60.0,237,3.0,1564,-1344.0,0,2
2020-09-15,-262.0,371,18.0,1082,352.0,0,4
2020-09-16,154.0,248,22.0,1349,483.0,1,50
2020-09-17,459.0,140,-29.0,1376,1381.0,2,0
2020-09-18,-279.0,48,-12.0,1135,-1379.0,0,0
2020-09-19,-165.0,42,-23.0,597,-1009.0,4,6
2020-09-20,65.0,18,9.0,597,402.0,1,6
2020-09-21,-98.0,18,-7.0,698,275.0,1,3
2020-09-22,8.0,46,39.0,999,501.0,3,4
2020-09-23,-48.0,20,0.0,1090,-209.0,4,0
2020-09-24,163.0,22,-11.0,915,933.0,7,4
2020-09-25,14.0,8,4.0,1640,49.0,5,4
2020-09-26,-60.0,59,11.0,1641,-1129.0,0,19
2020-09-27,43.0,9,-7.0,1445,70.0,1,21
2020-09-28,-49.0,10,14.0,980,1818.0,5,21
2020-09-29,-31.0,14,-4.0,903,-738.0,12,2
2020-09-30,-23.0,5,-5.0,649,397.0,10,5
2020-10-01,320.0,104,-18.0,710,-1705.0,4,0
2020-10-02,-103.0,73,0.0,827,-229.0,33,3
2020-10-03,-84.0,74,9.0,1052,-117.0,11,0
2020-10-04,131.0,67,-20.0,1152,217.0,19,1
2020-10-05,-184.0,57,23.0,1127,-561.0,5,0
2020-10-06,-203.0,66,13.0,1370,-226.0,8,5
2020-10-07,1.0,66,-13.0,1318,302.0,0,12
2020-10-08,372.0,66,-20.0,1312,-244.0,2,0
2020-10-09,49.0,121,9.0,923,742.0,3,11
2020-10-10,-9.0,83,8.0,872,2005.0,1,23
2020-10-11,243.0,67,11.0,1100,70.0,86,72
2020-10-12,-195.0,62,-13.0,1194,-318.0,20,90
2020-10-13,-404.0,64,4.0,1243,-947.0,19,12
2020-10-14,41.0,68,-4.0,931,-970.0,37,60
2020-10-15,241.0,23,-16.0,733,35.0,102,14
2020-10-16,157.0,17,-6.0,611,1193.0,227,16
2020-10-17,-197.0,12,-1.0,506,-785.0,502,43
2020-10-18,272.0,20,-16.0,666,-130.0,464,9
2020-10-19,-63.0,7,30.0,1079,788.0,397,10
2020-10-20,-260.0,13,-3.0,1990,-69.0,607,6
2020-10-21,-78.0,21,-10.0,2046,-147.0,506,2
2020-10-22,414.0,9,3.0,2358,132.0,695,4
2020-10-23,1518.0,21,7.0,1252,493.0,669,9
2020-10-24,-1804.0,18,-1.0,890,-769.0,569,13
2020-10-25,826.0,342,-15.0,1173,474.0,1106,15
2020-10-26,-41.0,131,82.0,1587,593.0,1464,26
2020-10-27,-645.0,116,-23.0,1705,-607.0,827,11
2020-10-28,-129.0,119,-23.0,1671,1510.0,361,11
2020-10-29,406.0,57,-25.0,459,-310.0,98,27
2020-10-30,-343.0,11,13.0,688,-1845.0,418,13
2020-10-31,-295.0,19,-5.0,707,-1313.0,35,80
2020-11-01,370.0,22,-15.0,648,1553.0,484,28
2020-11-02,-83.0,15,23.0,553,-1438.0,285,12
2020-11-03,-398.0,18,-3.0,589,0.0,152,1
2020-11-04,63.0,16,-11.0,582,-25.0,12,4
2020-11-05,345.0,17,-13.0,773,147.0,13,6
2020-11-06,-187.0,17,6.0,1191,140.0,53,11
2020-11-07,-26.0,14,-2.0,972,518.0,156,15
2020-11-08,443.0,138,-45.0,75,-949.0,52,3
2020-11-09,-136.0,92,36.0,521,981.0,394,14
2020-11-10,-201.0,19,22.0,1095,1776.0,861,22
2020-11-11,-54.0,148,10.0,1241,1338.0,665,14
2020-11-12,532.0,83,2.0,1136,-265.0,508,9
2020-11-13,-411.0,40,-10.0,1134,-2474.0,467,37
2020-11-14,-18.0,44,-15.0,1098,-266.0,407,171
2020-11-15,385.0,32,-3.0,704,1758.0,545,154
2020-11-16,-477.0,29,37.0,451,-2035.0,360,28
2020-11-17,-212.0,28,-23.0,460,-434.0,627,13
2020-11-18,32.0,12,10.0,260,278.0,225,38
2020-11-19,262.0,24,-7.0,391,-222.0,156,8
2020-11-20,55.0,37,-2.0,566,-141.0,175,0
2020-11-21,117.0,31,-26.0,1160,566.0,72,0
2020-11-22,162.0,40,17.0,1112,983.0,510,5
2020-11-23,-264.0,55,26.0,1208,126.0,464,5
2020-11-24,1193.0,139,-7.0,1241,-196.0,1151,9
2020-11-25,-1011.0,182,-12.0,1253,1437.0,429,16
2020-11-26,-628.0,324,3.0,1509,-950.0,251,9
2020-11-27,273.0,215,-3.0,1757,-1340.0,154,11
2020-11-28,224.0,65,10.0,905,1104.0,107,12
2020-11-29,240.0,35,-34.0,837,-200.0,123,12
2020-11-30,462.0,175,48.0,450,2442.0,807,17
2020-12-01,-195.0,127,-22.0,469,-3578.0,694,24
2020-12-02,-680.0,42,7.0,328,-187.0,446,14
2020-12-03,45.0,58,-4.0,513,165.0,135,2
2020-12-04,-101.0,87,3.0,532,497.0,62,1
2020-12-05,13.0,68,-29.0,640,860.0,425,7
2020-12-06,79.0,61,17.0,733,-1570.0,299,0
2020-12-07,-5.0,75,13.0,847,394.0,294,3
2020-12-08,-268.0,29,-8.0,775,-804.0,200,6
2020-12-09,-14.0,40,19.0,818,75.0,278,5
2020-12-10,203.0,44,32.0,1212,78.0,177,2
2020-12-11,102.0,46,-47.0,1236,1051.0,701,5
2020-12-12,-16.0,83,-6.0,1737,1005.0,1253,19
2020-12-13,687.0,73,25.0,1557,194.0,1527,17
2020-12-14,-591.0,40,6.0,786,124.0,1519,7
2020-12-15,-222.0,24,-23.0,620,-2156.0,1171,5
2020-12-16,291.0,697,-2.0,806,2168.0,1527,5
2020-12-17,964.0,653,6.0,1207,-1683.0,1978,10
2020-12-18,-106.0,69,-35.0,781,-791.0,669,4
2020-12-19,455.0,55,39.0,714,1135.0,453,38
2020-12-20,-753.0,62,-11.0,1352,687.0,524,47
2020-12-21,3.0,119,-16.0,1832,-772.0,522,42
2020-12-22,127.0,53,35.0,918,-555.0,554,45
2020-12-23,538.0,424,-8.0,713,-121.0,1106,620
2020-12-24,-828.0,133,31.0,803,3050.0,1333,129
2020-12-25,-366.0,200,4.0,342,-1284.0,1518,18
2020-12-26,1610.0,124,-60.0,397,-1853.0,969,8
2020-12-27,82.0,39,-6.0,421,-303.0,885,7
2020-12-28,-975.0,54,29.0,703,743.0,1025,5
2020-12-29,286.0,340,65.0,1093,-257.0,1588,8
2020-12-30,896.0,229,-37.0,645,2108.0,1669,17
2020-12-31,-1427.0,105,-54.0,1052,1493.0,1073,12
2021-01-01,89.0,399,27.0,1766,143.0,1353,4
2021-01-02,971.0,73,-19.0,2124,-1867.0,1085,18
2021-01-03,750.0,66,2.0,1775,-320.0,860,37
2021-01-04,-861.0,190,3.0,1637,-1408.0,699,7
2021-01-05,-1571.0,36,1.0,1964,-134.0,894,19
2021-01-06,-25.0,15,-7.0,1087,404.0,454,7
2021-01-07,-30.0,23,5.0,1373,168.0,449,8
2021-01-08,645.0,153,-11.0,1342,182.0,683,1
2021-01-09,-572.0,30,13.0,1540,-1298.0,446,3
2021-01-10,613.0,458,1.0,991,740.0,960,7
2021-01-11,-716.0,42,17.0,708,165.0,484,1
2021-01-12,-241.0,23,-15.0,1208,221.0,262,15
2021-01-13,735.0,43,9.0,1068,-636.0,172,130
2021-01-14,-513.0,71,2.0,1125,297.0,773,470
2021-01-15,411.0,84,-15.0,850,239.0,1700,259
2021-01-16,-481.0,27,4.0,1105,251.0,1783,15
2021-01-17,184.0,21,-32.0,609,-1116.0,1873,8
2021-01-18,-138.0,22,10.0,555,-157.0,2080,22
2021-01-19,-180.0,28,9.0,642,390.0,1611,35
2021-01-20,28.0,29,-2.0,492,205.0,1048,64
2021-01-21,55.0,40,0.0,885,470.0,584,5
2021-01-22,243.0,79,13.0,1001,153.0,1129,4
2021-01-23,-27.0,44,-14.0,1039,-806.0,1475,1
2021-01-24,666.0,80,13.0,1412,627.0,1295,2
2021-01-25,-616.0,288,41.0,1951,2662.0,1607,23
2021-01-26,32.0,153,26.0,1979,-1566.0,2581,22
2021-01-27,-252.0,62,16.0,1212,-580.0,1861,41
2021-01-28,187.0,312,-37.0,432,-617.0,1749,11
2021-01-29,336.0,95,-35.0,645,-263.0,750,13
2021-01-30,-96.0,250,7.0,841,782.0,772,53
2021-01-31,844.0,919,-2.0,843,1109.0,2274,2
2021-02-01,-936.0,1465,-2.0,870,-1386.0,1698,6
2021-02-02,-265.0,497,9.0,814,-493.0,1565,4
2021-02-03,-20.0,107,-9.0,907,-438.0,982,22
2021-02-04,403.0,395,12.0,861,335.0,2015,23
2021-02-05,-146.0,118,14.0,1061,1070.0,1874,36
2021-02-06,-122.0,65,75.0,944,-407.0,1290,21
2021-02-07,692.0,271,164.0,1086,332.0,2619,28
2021-02-08,-254.0,63,-37.0,1329,-1533.0,1557,11
2021-02-09,-306.0,55,134.0,1733,654.0,1693,2
2021-02-10,157.0,116,-141.0,2712,-142.0,1402,4
2021-02-11,1410.0,311,30.0,2336,1610.0,2087,15
2021-02-12,-376.0,245,-13.0,1866,-265.0,2069,7
2021-02-13,473.0,1026,47.0,1771,214.0,2778,38
2021-02-14,190.0,2229,134.0,2004,-275.0,2498,16
2021-02-15,-50.0,3627,-8.0,2275,-159.0,2824,9
2021-02-16,-955.0,2574,39.0,1574,316.0,2603,10
2021-02-17,-459.0,2262,-76.0,842,-1526.0,2457,4
2021-02-18,1034.0,2840,-319.0,1307,1793.0,3463,1
2021-02-19,-156.0,1084,64.0,1463,-590.0,1968,24
2021-02-20,-888.0,188,-43.0,1059,-1624.0,1044,20
2021-02-21,19.0,181,-73.0,696,26.0,1039,24
2021-02-22,-203.0,110,9.0,769,1946.0,1153,96
2021-02-23,-558.0,30,3.0,614,-1630.0,604,59
2021-02-24,105.0,17,-4.0,358,-216.0,609,8
2021-02-25,395.0,55,30.0,561,240.0,462,27
2021-02-26,53.0,32,-19.0,875,1492.0,366,16
2021-02-27,75.0,54,-13.0,2101,147.0,1089,19
2021-02-28,807.0,184,39.0,1818,609.0,537,4
2021-03-01,-904.0,59,-17.0,916,394.0,527,10
2021-03-02,-477.0,37,-44.0,259,-1727.0,272,24
2021-03-03,50.0,26,16.0,395,-577.0,76,4
2021-03-04,288.0,39,-4.0,440,-730.0,372,11
2021-03-05,65.0,68,-25.0,347,421.0,105,7
2021-03-06,-51.0,32,-3.0,360,43.0,201,16
2021-03-07,237.0,53,3.0,101,-351.0,73,2
2021-03-08,-297.0,50,-4.0,258,-216.0,65,3
2021-03-09,-331.0,33,21.0,327,180.0,246,16
2021-03-10,217.0,26,-17.0,499,1320.0,940,49
2021-03-11,528.0,29,31.0,446,-93.0,640,25
2021-03-12,508.0,35,0.0,607,-157.0,328,2
2021-03-13,-168.0,817,-12.0,982,207.0,530,28
2021-03-14,-54.0,1599,-22.0,538,692.0,1058,98
2021-03-15,1018.0,1281,13.0,931,-148.0,1327,24
2021-03-16,-914.0,175,8.0,1413,261.0,1087,42
2021-03-17,794.0,495,36.0,1991,91.0,697,75
2021-03-18,554.0,343,-16.0,1003,1799.0,221,16
2021-03-19,-1563.0,37,-23.0,348,-2606.0,112,6
2021-03-20,195.0,30,-22.0,243,-1016.0,212,12
2021-03-21,-90.0,43,13.0,240,113.0,394,24
2021-03-22,-137.0,190,2.0,374,564.0,401,23
2021-03-23,-369.0,46,6.0,687,1633.0,525,14
2021-03-24,58.0,68,-17.0,988,949.0,610,10
2021-03-25,1072.0,45,27.0,1451,-327.0,376,10
2021-03-26,-63.0,32,-12.0,1071,-581.0,640,38
2021-03-27,610.0,34,13.0,1247,-1395.0,418,2
2021-03-28,89.0,73,-24.0,631,2134.0,282,36
2021-03-29,-1263.0,58,-3.0,326,-2887.0,335,360
2021-03-30,-551.0,28,15.0,375,-288.0,474,309
2021-03-31,277.0,23,-6.0,572,2136.0,295,8
2021-04-01,1040.0,44,10.0,321,-893.0,770,6
2021-04-02,-826.0,25,-17.0,186,-1743.0,265,7
2021-04-03,-184.0,37,8.0,238,93.0,8,4
2021-04-04,-76.0,158,3.0,242,16.0,5,5
2021-04-05,128.0,43,8.0,359,224.0,129,7
2021-04-06,-414.0,7,-14.0,291,220.0,360,24
2021-04-07,239.0,19,7.0,467,1331.0,190,39
2021-04-08,215.0,25,5.0,836,1122.0,71,18
2021-04-09,366.0,40,2.0,1094,-467.0,172,102
2021-04-10,486.0,71,12.0,808,569.0,64,35
2021-04-11,953.0,1000,-3.0,771,-453.0,114,37
2021-04-12,-848.0,270,8.0,765,-1024.0,269,13
2021-04-13,-1384.0,27,-22.0,647,-632.0,605,16
2021-04-14,288.0,24,-8.0,438,878.0,1022,18
2021-04-15,551.0,66,6.0,667,850.0,739,14
2021-04-16,924.0,57,0.0,854,47.0,1259,2
2021-04-17,-1506.0,20,-25.0,305,-710.0,247,2
2021-04-18,266.0,14,8.0,354,-1224.0,104,3
2021-04-19,519.0,100,32.0,398,300.0,870,16
2021-04-20,-721.0,14,-14.0,502,-321.0,1395,14
2021-04-21,-198.0,17,1.0,360,-45.0,1425,18
2021-04-22,276.0,11,12.0,232,-502.0,497,12
2021-04-23,332.0,217,-24.0,446,1067.0,255,13
2021-04-24,539.0,89,9.0,513,2312.0,163,20
2021-04-25,-117.0,32,-9.0,800,-1497.0,267,15
2021-04-26,-960.0,8,19.0,460,-1121.0,267,28
2021-04-27,-73.0,31,18.0,516,-224.0,177,8
2021-04-28,361.0,21,-20.0,538,1722.0,84,3
2021-04-29,210.0,16,4.0,859,1428.0,2,2
2021-04-30,566.0,58,-22.0,558,-1571.0,15,13
2021-05-01,-499.0,27,12.0,346,-1070.0,60,25
2021-05-02,361.0,22,-16.0,329,468.0,21,40
2021-05-03,753.0,89,20.0,644,2246.0,221,19
2021-05-04,-386.0,136,41.0,900,-253.0,86,19
2021-05-05,-527.0,21,-12.0,738,-1127.0,43,6
2021-05-06,197.0,25,-38.0,487,-1585.0,7,6
2021-05-07,-93.0,21,-4.0,383,288.0,52,11
2021-05-08,-217.0,16,-4.0,305,-54.0,134,27
2021-05-09,533.0,22,-3.0,248,1435.0,177,14
2021-05-10,98.0,259,7.0,648,-353.0,185,3
2021-05-11,-149.0,564,18.0,706,-331.0,324,6
2021-05-12,-403.0,69,-8.0,484,15.0,14,14
2021-05-13,-91.0,21,-4.0,423,-1683.0,8,1
2021-05-14,33.0,10,-2.0,308,99.0,2,13
2021-05-15,-247.0,10,-3.0,338,764.0,7,11
2021-05-16,1417.0,176,9.0,494,946.0,3,7
2021-05-17,-168.0,77,10.0,861,274.0,11,10
2021-05-18,-623.0,86,22.0,677,-13.0,61,22
2021-05-19,-814.0,17,-16.0,774,110.0,4,24
2021-05-20,930.0,9,-3.0,472,204.0,129,35
2021-05-21,685.0,17,-5.0,543,-697.0,208,38
2021-05-22,-893.0,16,-11.0,544,-184.0,117,25
2021-05-23,354.0,16,-11.0,741,285.0,67,20
2021-05-24,350.0,153,19.0,748,-294.0,14,29
2021-05-25,-348.0,73,-4.0,478,-315.0,0,36
2021-05-26,-685.0,39,14.0,553,227.0,4,12
2021-05-27,665.0,21,1.0,642,582.0,20,18
2021-05-28,357.0,48,-2.0,518,752.0,63,14
2021-05-29,-1008.0,15,0.0,498,-92.0,2,22
2021-05-30,797.0,41,-20.0,442,-519.0,9,9
2021-05-31,-68.0,234,20.0,722,-747.0,11,10
2021-06-01,-673.0,46,3.0,921,-190.0,9,3
2021-06-02,139.0,26,-4.0,769,493.0,6,2
2021-06-03,1489.0,64,9.0,962,1307.0,1,2
2021-06-04,148.0,103,-12.0,837,-1321.0,0,8
2021-06-05,-247.0,130,0.0,759,-634.0,0,2
2021-06-06,947.0,223,-16.0,386,391.0,0,29
2021-06-07,623.0,631,14.0,421,624.0,2,11
2021-06-08,-820.0,303,24.0,748,-239.0,0,12
2021-06-09,-809.0,268,9.0,1072,-422.0,0,27
2021-06-10,1410.0,228,-13.0,992,-174.0,1,27
2021-06-11,-141.0,139,-11.0,663,723.0,0,105
2021-06-12,293.0,253,1.0,814,-798.0,0,8
2021-06-13,139.0,279,-7.0,692,-408.0,2,12
2021-06-14,-314.0,253,17.0,576,348.0,1,7
2021-06-15,-631.0,679,19.0,606,-364.0,0,2
2021-06-16,-194.0,474,-28.0,398,-717.0,0,9
2021-06-17,381.0,220,-18.0,355,-17.0,1,2
2021-06-18,587.0,324,-7.0,326,552.0,0,5
2021-06-19,80.0,247,39.0,334,1285.0,0,13
2021-06-20,377.0,297,-26.0,678,971.0,0,13
2021-06-21,379.0,780,8.0,504,-452.0,2,28
2021-06-22,-1567.0,267,-10.0,415,643.0,3,5
2021-06-23,-689.0,131,21.0,516,-2314.0,0,13
2021-06-24,1386.0,384,-9.0,403,437.0,2,19
2021-06-25,564.0,447,-19.0,634,1357.0,0,12
2021-06-26,1068.0,666,7.0,718,496.0,6,14
2021-06-27,-159.0,338,-17.0,613,-692.0,4,16
2021-06-28,-228.0,425,38.0,552,-121.0,2,3
2021-06-29,-932.0,297,-1.0,760,694.0,0,2
2021-06-30,510.0,274,-12.0,953,-784.0,0,3
2021-07-01,667.0,742,19.0,727,518.0,2,9
2021-07-02,531.0,795,-10.0,665,813.0,1,6
2021-07-03,-1554.0,353,-15.0,624,-1735.0,0,1
2021-07-04,-2472.0,156,-9.0,583,-924.0,0,3
2021-07-05,1169.0,198,23.0,1338,-57.0,0,10
2021-07-06,-672.0,501,4.0,797,1350.0,0,30
2021-07-07,1040.0,441,22.0,854,968.0,0,6
2021-07-08,1449.0,347,-13.0,617,245.0,1,15
2021-07-09,37.0,405,-5.0,743,-131.0,0,18
2021-07-10,-929.0,188,-34.0,705,-1334.0,0,55
2021-07-11,853.0,283,15.0,776,437.0,0,28
2021-07-12,362.0,423,-19.0,902,-196.0,0,14
2021-07-13,-1485.0,264,8.0,964,-292.0,0,6
2021-07-14,641.0,301,12.0,1026,-359.0,0,20
2021-07-15,-512.0,259,-2.0,1029,-2.0,0,11
2021-07-16,-17.0,167,-11.0,857,370.0,0,9
2021-07-17,-202.0,674,-8.0,778,-119.0,0,8
2021-07-18,1453.0,430,19.0,820,280.0,0,8
2021-07-19,378.0,372,11.0,917,466.0,0,1
2021-07-20,-2038.0,133,-2.0,1764,-792.0,0,6
2021-07-21,-74.0,212,1.0,1671,-719.0,0,3
2021-07-22,-125.0,206,-6.0,1206,-354.0,0,11
2021-07-23,1129.0,202,-5.0,1125,112.0,0,9
2021-07-24,-741.0,308,-11.0,1152,353.0,0,4
2021-07-25,256.0,282,9.0,937,-201.0,0,6
2021-07-26,-61.0,372,27.0,1512,-107.0,0,18
2021-07-27,-449.0,164,-5.0,1065,187.0,0,9
2021-07-28,-277.0,83,9.0,1151,107.0,0,7
2021-07-29,649.0,308,5.0,1345,90.0,0,6
2021-07-30,-25.0,200,-33.0,1578,-241.0,0,6
2021-07-31,-1.0,426,-14.0,1503,143.0,0,3
2021-08-01,1607.0,1059,-18.0,1486,767.0,3,6
2021-08-02,-407.0,1175,35.0,1452,-327.0,1,5
2021-08-03,-927.0,946,2.0,1161,-23.0,0,3
2021-08-04,-1058.0,627,11.0,1087,-153.0,0,1
2021-08-05,-170.0,590,-1.0,1098,-74.0,0,9
2021-08-06,958.0,643,-25.0,1369,-237.0,0,6
2021-08-07,328.0,392,10.0,1465,953.0,0,8
2021-08-08,226.0,426,-10.0,1526,-442.0,0,12
2021-08-09,-13.0,1018,21.0,1257,-265.0,0,15
2021-08-10,-442.0,639,23.0,931,-400.0,0,7
2021-08-11,543.0,857,3.0,646,284.0,0,26
2021-08-12,708.0,359,-37.0,558,-277.0,0,10
2021-08-13,-644.0,536,-10.0,625,83.0,0,10
2021-08-14,250.0,980,1.0,776,316.0,0,5
2021-08-15,197.0,812,-15.0,849,-130.0,0,10
2021-08-16,-825.0,418,44.0,1075,862.0,3,8
2021-08-17,-1313.0,742,17.0,1254,468.0,0,7
2021-08-18,1237.0,700,-8.0,1070,153.0,0,20
2021-08-19,360.0,452,14.0,1368,-226.0,0,7
2021-08-20,-446.0,419,-25.0,1432,-598.0,1,4
2021-08-21,-1202.0,300,-10.0,1183,-336.0,3,4
2021-08-22,-281.0,878,-2.0,1156,396.0,0,8
2021-08-23,-406.0,208,2.0,1285,-805.0,0,4
2021-08-24,-367.0,494,28.0,1302,-296.0,0,8
2021-08-25,646.0,506,-24.0,1207,-66.0,0,0
2021-08-26,808.0,308,19.0,1339,459.0,0,18
2021-08-27,212.0,344,-19.0,1044,846.0,0,4
2021-08-28,-1405.0,209,15.0,1073,-692.0,0,8
2021-08-29,1052.0,623,-26.0,811,356.0,2,17
2021-08-30,-1020.0,685,21.0,919,-270.0,0,19
2021-08-31,-733.0,389,0.0,1078,864.0,0,11
2021-09-01,964.0,958,-5.0,702,536.0,0,0
2021-09-02,545.0,849,-13.0,641,-577.0,0,5
2021-09-03,518.0,513,-4.0,832,-603.0,2,8
2021-09-04,-1808.0,306,-2.0,870,-455.0,0,4
2021-09-05,-463.0,274,-10.0,970,180.0,0,3
2021-09-06,758.0,238,-4.0,1085,-585.0,0,3
2021-09-07,-15.0,501,9.0,869,-412.0,1,6
2021-09-08,48.0,248,5.0,776,659.0,1,6
2021-09-09,623.0,263,3.0,871,847.0,5,7
2021-09-10,-483.0,250,-7.0,960,-1416.0,2,7
2021-09-11,-1235.0,211,-25.0,616,-309.0,0,6
2021-09-12,1333.0,115,-4.0,388,370.0,0,4
2021-09-13,-418.0,325,24.0,692,667.0,0,5
2021-09-14,-511.0,413,17.0,967,352.0,1,20
2021-09-15,-71.0,73,-6.0,950,661.0,0,13
2021-09-16,863.0,107,12.0,821,-442.0,1,2
2021-09-17,717.0,53,-12.0,751,-309.0,0,18
2021-09-18,-1123.0,74,-13.0,1330,15.0,1,11
2021-09-19,950.0,72,-9.0,1197,127.0,1,9
2021-09-20,-285.0,49,1.0,864,1081.0,11,15
2021-09-21,-1485.0,48,3.0,835,322.0,22,6
2021-09-22,466.0,77,25.0,732,459.0,16,3
2021-09-23,1873.0,665,4.0,643,-1364.0,24,10
2021-09-24,-43.0,225,-31.0,636,-1084.0,1,2
2021-09-25,-1848.0,133,0.0,803,-501.0,3,1
2021-09-26,1348.0,75,-2.0,681,-108.0,2,1
2021-09-27,-830.0,41,18.0,651,63.0,0,2
2021-09-28,-323.0,184,11.0,878,572.0,18,8
2021-09-29,-497.0,65,-16.0,1110,137.0,15,6
2021-09-30,1333.0,371,18.0,1175,313.0,15,9
2021-10-01,1064.0,237,6.0,1723,207.0,15,5
2021-10-02,-1358.0,123,-28.0,1678,230.0,3,2
2021-10-03,1143.0,139,12.0,1541,408.0,0,2
2021-10-04,-1120.0,93,-4.0,1652,-263.0,0,0
2021-10-05,-663.0,60,5.0,1970,-218.0,0,5
2021-10-06,-277.0,47,-4.0,1320,23.0,9,4
2021-10-07,1643.0,58,3.0,1740,78.0,17,3
2021-10-08,1713.0,545,7.0,2099,147.0,10,1
2021-10-09,-1137.0,1057,-10.0,1584,-186.0,7,7
2021-10-10,188.0,1509,-22.0,794,-214.0,27,18
2021-10-11,764.0,933,11.0,727,310.0,227,47
2021-10-12,-1410.0,162,21.0,1251,-425.0,811,59
2021-10-13,-613.0,559,-6.0,1336,446.0,422,75
2021-10-14,553.0,226,2.0,1550,-355.0,180,4
2021-10-15,-111.0,107,-16.0,1558,-96.0,86,6
2021-10-16,-653.0,141,-10.0,661,97.0,8,3
2021-10-17,817.0,118,-4.0,426,-1042.0,4,4
2021-10-18,-839.0,72,32.0,542,-393.0,47,10
2021-10-19,373.0,46,9.0,667,-108.0,181,5
2021-10-20,-656.0,36,-32.0,512,774.0,155,1
2021-10-21,1233.0,907,-6.0,881,601.0,8,6
2021-10-22,534.0,918,2.0,1304,-34.0,11,2
2021-10-23,-1210.0,245,-2.0,1091,-282.0,32,2
2021-10-24,2248.0,304,-5.0,946,1684.0,58,11
2021-10-25,592.0,628,21.0,848,1216.0,85,29
2021-10-26,-3024.0,240,-18.0,892,-1205.0,198,41
2021-10-27,386.0,180,35.0,712,-28.0,123,86
2021-10-28,1638.0,519,-25.0,829,622.0,41,120
2021-10-29,-640.0,415,13.0,1022,1091.0,40,6
2021-10-30,-1533.0,635,-14.0,1048,-2365.0,65,4
2021-10-31,1121.0,1355,-1.0,1111,-822.0,110,4
2021-11-01,726.0,686,9.0,673,-889.0,446,0
2021-11-02,-2181.0,174,-10.0,985,682.0,291,3
2021-11-03,526.0,105,9.0,1058,282.0,256,3
2021-11-04,835.0,97,-10.0,954,-146.0,61,8
2021-11-05,107.0,129,-9.0,793,-614.0,19,16
2021-11-06,-1251.0,140,7.0,802,157.0,36,2
2021-11-07,687.0,130,-4.0,825,-358.0,58,3
2021-11-08,-13.0,185,-16.0,1061,-636.0,47,2
2021-11-09,-1465.0,53,24.0,1019,660.0,82,10
2021-11-10,410.0,151,-7.0,1558,468.0,155,10
2021-11-11,1587.0,132,-1.0,849,2056.0,421,74
2021-11-12,-106.0,176,5.0,1243,502.0,1153,128
2021-11-13,-590.0,122,-6.0,1218,-2562.0,846,52
2021-11-14,1172.0,142,-7.0,520,-140.0,1317,36
2021-11-15,-825.0,130,37.0,636,-186.0,618,36
2021-11-16,-1583.0,90,-5.0,745,-635.0,250,94
2021-11-17,131.0,52,1.0,986,142.0,257,167
2021-11-18,899.0,62,-2.0,967,973.0,802,6
2021-11-19,914.0,89,-5.0,563,-402.0,462,12
2021-11-20,-251.0,95,-12.0,606,-546.0,160,2
2021-11-21,395.0,89,8.0,794,671.0,299,21
2021-11-22,-368.0,107,13.0,820,539.0,223,11
2021-11-23,-301.0,53,9.0,365,-1297.0,304,15
2021-11-24,-492.0,57,-26.0,357,-196.0,449,3
2021-11-25,-1440.0,41,-24.0,572,1828.0,421,25
2021-11-26,407.0,31,16.0,400,-639.0,556,11
2021-11-27,1228.0,31,-4.0,332,-422.0,591,1
2021-11-28,696.0,68,-8.0,619,-106.0,710,17
2021-11-29,-273.0,84,27.0,777,-554.0,463,5
2021-11-30,-338.0,58,7.0,847,28.0,493,9
2021-12-01,-786.0,134,4.0,1003,409.0,256,23
2021-12-02,554.0,120,-2.0,1390,37.0,144,6
2021-12-03,-147.0,88,-25.0,1448,-239.0,430,2
2021-12-04,-634.0,69,3.0,1697,-198.0,368,3
2021-12-05,1313.0,132,-4.0,1694,571.0,1003,99
2021-12-06,1224.0,158,39.0,1722,1820.0,1202,110
2021-12-07,-1301.0,141,16.0,1072,-1714.0,946,14
2021-12-08,-1119.0,158,-20.0,1371,671.0,1063,20
2021-12-09,1192.0,106,-4.0,1123,-883.0,882,15
2021-12-10,139.0,401,-3.0,1599,1113.0,1159,78
2021-12-11,124.0,203,16.0,1455,1851.0,862,161
2021-12-12,-180.0,107,-26.0,354,-2409.0,299,36
2021-12-13,-857.0,76,4.0,456,-436.0,263,8
2021-12-14,78.0,249,15.0,905,656.0,460,44
2021-12-15,1644.0,507,5.0,1044,-255.0,754,386
2021-12-16,213.0,245,23.0,1360,1048.0,1040,384
2021-12-17,124.0,147,-30.0,1443,-1099.0,635,9
2021-12-18,2023.0,413,47.0,1649,2376.0,1379,21
2021-12-19,-647.0,352,-59.0,761,-1047.0,929,14
2021-12-20,-1178.0,174,-10.0,499,-1729.0,491,5
2021-12-21,-372.0,120,-2.0,981,537.0,611,23
2021-12-22,-501.0,103,23.0,1058,-32.0,764,7
2021-12-23,524.0,219,-37.0,590,-105.0,604,23
2021-12-24,-1302.0,591,9.0,989,437.0,942,52
2021-12-25,-704.0,776,-5.0,1005,393.0,992,15
2021-12-26,3134.0,1500,49.0,1675,-1294.0,1660,126
2021-12-27,1626.0,1421,15.0,1653,557.0,1912,47
2021-12-28,-531.0,1191,0.0,1221,515.0,2091,18
2021-12-29,-343.0,999,97.0,1541,522.0,1136,6
2021-12-30,992.0,1400,-76.0,2487,339.0,1243,67
2021-12-31,-3014.0,1473,15.0,3038,-1383.0,1185,9
2022-01-01,921.0,2561,81.0,1851,1954.0,1415,33
2022-01-02,3510.0,2595,41.0,1027,-159.0,1251,38
2022-01-03,-1046.0,3205,-131.0,240,-515.0,1244,69
2022-01-04,-1737.0,1431,-54.0,531,-2198.0,821,148
2022-01-05,-887.0,1666,71.0,1549,530.0,1651,145
2022-01-06,-733.0,2113,91.0,1462,-109.0,2238,38
2022-01-07,821.0,2425,-50.0,613,-127.0,1940,39
2022-01-08,-1413.0,1156,-109.0,1235,305.0,673,25
2022-01-09,416.0,1189,73.0,1159,1994.0,449,16
2022-01-10,-1676.0,778,53.0,573,-2049.0,617,9
2022-01-11,-756.0,615,-43.0,313,-601.0,482,9
2022-01-12,-349.0,425,-92.0,355,52.0,185,6
2022-01-13,455.0,442,-12.0,888,-43.0,343,6
2022-01-14,782.0,470,-15.0,1336,-158.0,1080,117
2022-01-15,-157.0,376,142.0,934,547.0,1052,116
2022-01-16,735.0,3061,-84.0,742,1345.0,1849,1
2022-01-17,309.0,1395,-53.0,725,-995.0,2119,32
2022-01-18,-2008.0,198,2.0,742,-746.0,876,119
2022-01-19,400.0,335,53.0,1113,221.0,776,21
2022-01-20,1034.0,660,147.0,784,1307.0,1275,13
2022-01-21,-245.0,606,26.0,720,-903.0,1142,45
2022-01-22,-491.0,431,-166.0,669,-604.0,1383,18
2022-01-23,1294.0,335,65.0,686,-195.0,1259,5
2022-01-24,-588.0,400,-57.0,842,410.0,1602,1
2022-01-25,-1342.0,266,221.0,908,203.0,1323,3
2022-01-26,-26.0,142,-3.0,796,-436.0,810,6
2022-01-27,964.0,225,-224.0,598,-201.0,1256,2
2022-01-28,1735.0,1401,126.0,631,182.0,1274,5
2022-01-29,-2569.0,3058,-129.0,354,-143.0,1257,18
2022-01-30,1208.0,1409,-47.0,311,-76.0,758,0
2022-01-31,-360.0,298,20.0,654,605.0,196,49
2022-02-01,-1064.0,239,-18.0,909,-107.0,597,143
2022-02-02,1401.0,2323,108.0,1286,1354.0,1843,15
2022-02-03,7.0,5110,153.0,1272,1478.0,2292,4
2022-02-04,1575.0,3791,-87.0,1058,-359.0,2053,11
2022-02-05,-1048.0,1362,-96.0,553,-2488.0,1280,12
2022-02-06,117.0,694,-70.0,572,-234.0,741,6
2022-02-07,-112.0,452,31.0,918,1018.0,679,13
2022-02-08,-2121.0,93,-48.0,872,-724.0,494,27
2022-02-09,33.0,64,-5.0,559,-305.0,616,11
2022-02-10,931.0,93,-16.0,678,-25.0,1137,25
2022-02-11,457.0,211,31.0,759,475.0,1309,185
2022-02-12,-553.0,51,51.0,612,-369.0,1079,13
2022-02-13,2550.0,318,70.0,469,109.0,1702,1
2022-02-14,-1187.0,130,-54.0,407,-277.0,963,7
2022-02-15,-1575.0,37,-44.0,386,-108.0,477,14
2022-02-16,15.0,251,-40.0,359,398.0,815,25
2022-02-17,2681.0,1356,83.0,914,3426.0,1343,38
2022-02-18,2088.0,423,-19.0,755,-1911.0,1527,176
2022-02-19,-2568.0,129,-30.0,740,-1944.0,1106,58
2022-02-20,-842.0,131,-63.0,325,95.0,468,23
2022-02-21,264.0,231,39.0,841,780.0,976,58
2022-02-22,1840.0,384,102.0,1934,2412.0,2054,30
2022-02-23,-1342.0,1649,75.0,1326,-1328.0,2211,38
2022-02-24,1403.0,2053,18.0,2205,-709.0,2083,8
2022-02-25,807.0,1449,-27.0,1172,233.0,2299,4
2022-02-26,-2355.0,149,-148.0,427,-835.0,554,13
2022-02-27,-113.0,135,-26.0,517,759.0,341,9
2022-02-28,-770.0,113,17.0,619,-684.0,360,10
2022-03-01,-912.0,48,-10.0,306,-340.0,214,14
2022-03-02,-254.0,75,-1.0,757,-16.0,509,3
2022-03-03,792.0,88,54.0,571,48.0,534,1
2022-03-04,174.0,108,-52.0,573,-128.0,187,26
2022-03-05,65.0,120,-31.0,938,756.0,1154,17
2022-03-06,1825.0,270,29.0,757,541.0,1497,56
2022-03-07,57.0,187,3.0,679,1223.0,1607,13
2022-03-08,-2362.0,62,6.0,541,-1118.0,974,17
2022-03-09,1613.0,479,-16.0,880,1012.0,2217,3
2022-03-10,1158.0,239,84.0,912,-1697.0,909,21
2022-03-11,1031.0,488,-59.0,1252,-186.0,1345,15
2022-03-12,609.0,1348,42.0,948,1794.0,2382,52
2022-03-13,-320.0,852,-114.0,77,-2612.0,289,5
2022-03-14,-2495.0,326,26.0,157,190.0,287,16
2022-03-15,-1155.0,93,36.0,546,1679.0,135,6
2022-03-16,-131.0,57,-9.0,1063,-78.0,173,5
2022-03-17,1792.0,772,6.0,1469,-182.0,420,44
2022-03-18,1985.0,712,5.0,1335,840.0,399,19
2022-03-19,-1473.0,250,-32.0,865,22.0,308,7
2022-03-20,-535.0,170,-10.0,571,-1357.0,210,16
2022-03-21,-498.0,729,17.0,279,405.0,405,64
2022-03-22,-154.0,151,23.0,580,1742.0,704,144
2022-03-23,-575.0,75,-20.0,651,597.0,861,42
2022-03-24,1739.0,110,-4.0,718,-662.0,476,21
2022-03-25,-1716.0,129,-5.0,730,-1343.0,376,164
2022-03-26,-224.0,95,-13.0,292,-1175.0,1057,8
2022-03-27,551.0,105,7.0,309,-592.0,910,5
2022-03-28,721.0,97,12.0,349,300.0,640,20
2022-03-29,-2091.0,32,15.0,459,424.0,394,93
2022-03-30,1023.0,104,7.0,534,2307.0,1198,80
2022-03-31,1452.0,737,6.0,492,119.0,965,30
2022-04-01,990.0,927,-20.0,429,-1294.0,922,9
2022-04-02,-830.0,2089,-15.0,388,-891.0,553,6
2022-04-03,458.0,1521,-3.0,576,-380.0,497,18
2022-04-04,-1187.0,767,22.0,586,980.0,588,53
2022-04-05,862.0,380,37.0,1011,1449.0,436,232
2022-04-06,-378.0,268,-6.0,1084,756.0,672,369
2022-04-07,1218.0,1090,7.0,703,-480.0,999,364
2022-04-08,-440.0,668,-37.0,460,-798.0,863,19
2022-04-09,-2117.0,403,-6.0,327,-1256.0,720,21
2022-04-10,981.0,487,-12.0,306,-840.0,470,63
2022-04-11,36.0,275,16.0,289,1290.0,578,50
2022-04-12,-427.0,289,8.0,674,102.0,975,282
2022-04-13,1334.0,423,39.0,682,1621.0,911,186
2022-04-14,446.0,581,-41.0,511,-1558.0,1307,365
2022-04-15,-691.0,427,5.0,504,-1151.0,1268,19
2022-04-16,-1659.0,241,-17.0,468,1142.0,518,19
2022-04-17,516.0,247,3.0,740,-541.0,688,60
2022-04-18,1207.0,226,24.0,449,1678.0,1459,8
2022-04-19,-1285.0,163,-17.0,379,-1295.0,1121,53
2022-04-20,-1125.0,69,5.0,400,-60.0,273,24
2022-04-21,886.0,78,25.0,833,114.0,195,23
2022-04-22,605.0,211,-19.0,893,106.0,163,197
2022-04-23,-1530.0,171,0.0,799,-554.0,785,535
2022-04-24,1378.0,315,-22.0,395,309.0,312,190
2022-04-25,313.0,413,13.0,373,583.0,266,8
2022-04-26,-1477.0,141,-2.0,502,-599.0,264,10
2022-04-27,38.0,43,4.0,300,-1052.0,229,10
2022-04-28,279.0,59,27.0,188,50.0,112,14
2022-04-29,341.0,69,-12.0,349,872.0,169,66
2022-04-30,-311.0,356,-17.0,409,1613.0,73,156
2022-05-01,1112.0,357,-4.0,706,-981.0,77,11
2022-05-02,-151.0,212,12.0,900,378.0,271,20
2022-05-03,-1384.0,79,-4.0,725,260.0,154,23
2022-05-04,485.0,149,15.0,1248,-728.0,124,5
2022-05-05,1287.0,273,-11.0,1006,566.0,24,4
2022-05-06,492.0,402,9.0,983,910.0,2,22
2022-05-07,-1390.0,171,2.0,610,-1077.0,51,40
2022-05-08,497.0,293,-13.0,459,-921.0,170,101
2022-05-09,-267.0,117,-9.0,534,-792.0,283,103
2022-05-10,-1229.0,54,14.0,418,-601.0,86,11
2022-05-11,305.0,53,1.0,755,233.0,29,42
2022-05-12,1094.0,78,0.0,924,1037.0,23,87
2022-05-13,1204.0,347,1.0,907,631.0,34,198
2022-05-14,-1831.0,311,-15.0,1044,-447.0,18,18
2022-05-15,1246.0,397,12.0,1300,-117.0,0,6
2022-05-16,-52.0,1067,3.0,707,45.0,0,16
2022-05-17,-1028.0,284,-2.0,428,-775.0,0,21
2022-05-18,-526.0,41,6.0,492,860.0,4,18
2022-05-19,958.0,119,-11.0,998,-12.0,67,93
2022-05-20,1159.0,1136,21.0,770,344.0,447,83
2022-05-21,170.0,678,-13.0,734,47.0,421,23
2022-05-22,-354.0,1182,-2.0,485,40.0,65,20
2022-05-23,335.0,569,-7.0,503,272.0,41,8
2022-05-24,-1476.0,575,15.0,576,1016.0,85,17
2022-05-25,219.0,206,24.0,817,1242.0,19,19
2022-05-26,144.0,211,14.0,772,-1099.0,12,2
2022-05-27,1262.0,1231,-10.0,934,-462.0,3,15
2022-05-28,-1634.0,491,-33.0,830,-888.0,4,24
2022-05-29,-23.0,486,-8.0,804,-980.0,29,60
2022-05-30,-646.0,361,2.0,519,500.0,89,107
2022-05-31,-427.0,63,15.0,530,-448.0,16,63
2022-06-01,749.0,796,3.0,503,436.0,33,15
2022-06-02,1535.0,1540,3.0,654,304.0,2,12
2022-06-03,320.0,651,-28.0,606,-456.0,2,7
2022-06-04,-1985.0,534,-4.0,446,311.0,0,9
2022-06-05,794.0,223,43.0,413,-10.0,0,15
2022-06-06,663.0,265,2.0,601,394.0,7,21
2022-06-07,-842.0,134,7.0,718,-161.0,3,8
2022-06-08,739.0,301,-12.0,845,415.0,7,44
2022-06-09,587.0,458,-9.0,822,-391.0,0,11
2022-06-10,232.0,343,0.0,592,-420.0,0,19
2022-06-11,-968.0,273,-37.0,719,99.0,1,14
2022-06-12,2520.0,771,-6.0,807,-128.0,0,23
2022-06-13,-1945.0,421,47.0,931,-75.0,26,39
2022-06-14,90.0,397,3.0,644,-321.0,21,71
2022-06-15,-936.0,268,-4.0,756,-269.0,8,39
2022-06-16,2487.0,1829,-17.0,599,34.0,0,18
2022-06-17,380.0,1309,16.0,428,-139.0,0,50
2022-06-18,-2066.0,713,0.0,455,-143.0,0,33
2022-06-19,-57.0,722,-17.0,251,134.0,0,22
2022-06-20,-963.0,296,1.0,284,-147.0,7,23
2022-06-21,-891.0,190,33.0,383,-26.0,1,19
2022-06-22,880.0,1457,-11.0,445,147.0,0,7
2022-06-23,1286.0,761,18.0,607,325.0,6,3
2022-06-24,-380.0,628,-14.0,620,-473.0,0,17
2022-06-25,-284.0,474,-14.0,554,814.0,0,10
2022-06-26,570.0,688,-31.0,488,-141.0,2,8
2022-06-27,272.0,843,12.0,395,262.0,0,16
2022-06-28,-1893.0,435,9.0,373,-601.0,0,6
2022-06-29,535.0,436,-3.0,455,112.0,0,19
2022-06-30,-489.0,317,0.0,547,7.0,0,12
2022-07-01,1861.0,461,-25.0,331,514.0,0,26
2022-07-02,-1284.0,503,11.0,582,375.0,0,6
2022-07-03,-937.0,121,8.0,652,-510.0,0,12
2022-07-04,-834.0,127,5.0,571,79.0,0,11
2022-07-05,1452.0,485,10.0,953,134.0,0,22
2022-07-06,82.0,269,-6.0,531,466.0,0,13
2022-07-07,-601.0,155,6.0,646,-745.0,0,10
2022-07-08,407.0,117,-7.0,633,376.0,0,7
2022-07-09,902.0,133,-4.0,466,27.0,0,11
2022-07-10,53.0,144,31.0,439,6.0,0,17
2022-07-11,-683.0,115,-30.0,536,-741.0,1,26
2022-07-12,-622.0,466,25.0,367,-299.0,0,7
2022-07-13,621.0,139,4.0,525,398.0,0,7
2022-07-14,483.0,267,-25.0,539,-110.0,0,25
2022-07-15,856.0,302,13.0,560,718.0,0,11
2022-07-16,-763.0,260,-14.0,904,-412.0,0,8
2022-07-17,851.0,293,28.0,956,370.0,0,12
2022-07-18,282.0,936,11.0,840,279.0,0,19
2022-07-19,-1116.0,185,-19.0,531,-857.0,0,37
2022-07-20,-775.0,127,-7.0,360,-438.0,0,4
2022-07-21,2044.0,369,4.0,380,40.0,0,4
2022-07-22,-780.0,178,-7.0,471,91.0,0,20
2022-07-23,675.0,656,20.0,464,331.0,0,34
2022-07-24,1045.0,676,-26.0,437,174.0,0,13
2022-07-25,-197.0,1271,9.0,325,462.0,0,13
2022-07-26,-1263.0,524,-15.0,455,61.0,0,4
2022-07-27,-953.0,212,18.0,673,-140.0,0,2
2022-07-28,376.0,610,-7.0,480,-76.0,0,7
2022-07-29,219.0,294,8.0,492,-241.0,0,7
2022-07-30,-971.0,256,-25.0,572,-254.0,0,7
2022-07-31,829.0,482,10.0,493,354.0,0,7
