Date,Cold,Fog,Rain,Snow,Storm
2018-01-01,444,651,314,716,17
2018-01-02,422,684,211,619,18
2018-01-03,99,543,543,1097,5
2018-01-04,189,787,406,1408,23
2018-01-05,298,844,544,923,16
2018-01-06,404,828,493,569,12
2018-01-07,122,672,873,507,9
2018-01-08,102,805,2733,975,14
2018-01-09,118,1250,2344,331,18
2018-01-10,117,1482,1680,518,64
2018-01-11,137,1500,4153,1478,119
2018-01-12,243,1240,5329,1740,23
2018-01-13,263,796,1699,1364,25
2018-01-14,174,584,85,1210,12
2018-01-15,175,1786,215,1969,10
2018-01-16,193,952,771,2323,6
2018-01-17,73,776,497,1964,2
2018-01-18,76,368,575,345,11
2018-01-19,51,317,771,327,21
2018-01-20,56,482,717,437,17
2018-01-21,82,1077,959,665,18
2018-01-22,102,1059,3696,1151,49
2018-01-23,127,697,3195,1066,13
2018-01-24,125,479,689,851,30
2018-01-25,131,503,611,519,20
2018-01-26,66,373,791,324,26
2018-01-27,47,370,2608,462,26
2018-01-28,69,937,3043,816,19
2018-01-29,96,536,1983,968,8
2018-01-30,111,531,592,1259,42
2018-01-31,85,437,181,714,41
2018-02-01,86,586,566,983,17
2018-02-02,168,508,1151,1489,30
2018-02-03,57,586,706,1273,55
2018-02-04,177,1183,3177,2627,45
2018-02-05,175,986,1015,1571,48
2018-02-06,348,878,1180,1410,2
2018-02-07,192,917,3989,2280,36
2018-02-08,207,690,691,1393,31
2018-02-09,192,838,450,1774,26
2018-02-10,275,1430,3648,1337,28
2018-02-11,126,1286,4832,1355,10
2018-02-12,222,650,2010,692,15
2018-02-13,127,561,1170,424,12
2018-02-14,75,1136,1909,280,49
2018-02-15,88,1503,1736,767,31
2018-02-16,99,798,2440,459,23
2018-02-17,76,791,2266,1300,40
2018-02-18,81,1310,1176,2015,85
2018-02-19,115,1013,2827,1486,102
2018-02-20,199,1566,4409,1841,40
2018-02-21,261,697,3941,762,2
2018-02-22,207,828,3212,1410,7
2018-02-23,173,1538,3293,1407,9
2018-02-24,158,1835,3660,1259,38
2018-02-25,92,656,3786,1319,59
2018-02-26,87,746,1941,337,30
2018-02-27,94,756,1063,154,8
2018-02-28,103,629,2244,230,4
2018-03-01,95,540,4031,437,6
2018-03-02,109,651,1943,1275,193
2018-03-03,57,386,666,445,43
2018-03-04,70,523,830,564,40
2018-03-05,113,494,1935,1455,188
2018-03-06,98,531,2243,1771,137
2018-03-07,90,431,1166,2217,2
2018-03-08,85,448,511,1909,19
2018-03-09,81,463,342,1095,12
2018-03-10,85,446,867,629,24
2018-03-11,74,623,2282,665,7
2018-03-12,84,408,1645,935,0
2018-03-13,97,582,872,1968,11
2018-03-14,82,491,837,1337,14
2018-03-15,90,409,775,886,14
2018-03-16,59,373,1520,1163,58
2018-03-17,66,513,1549,642,2
2018-03-18,108,822,1359,448,40
2018-03-19,108,716,2364,619,36
2018-03-20,134,493,2683,856,5
2018-03-21,121,454,1787,1703,6
2018-03-22,109,354,1530,587,17
2018-03-23,79,278,1284,337,65
2018-03-24,87,403,1818,1245,16
2018-03-25,65,414,1516,862,20
2018-03-26,92,522,1608,944,5
2018-03-27,88,500,3708,474,12
2018-03-28,98,984,3371,408,6
2018-03-29,102,1085,3838,522,14
2018-03-30,54,613,2219,379,35
2018-03-31,48,554,865,984,48
2018-04-01,38,378,916,607,12
2018-04-02,68,809,1075,1446,47
2018-04-03,98,830,2771,1331,75
2018-04-04,103,660,2662,1101,78
2018-04-05,82,371,566,741,9
2018-04-06,50,729,1971,1861,23
2018-04-07,54,390,3991,1006,18
2018-04-08,46,355,1504,899,40
2018-04-09,77,535,1330,1253,6
2018-04-10,78,374,1255,348,6
2018-04-11,52,451,555,192,37
2018-04-12,106,635,1491,595,113
2018-04-13,55,582,2080,841,167
2018-04-14,73,752,4287,1503,277
2018-04-15,97,617,4368,1912,24
2018-04-16,103,500,4299,1864,65
2018-04-17,74,434,929,1440,170
2018-04-18,75,329,559,676,56
2018-04-19,88,300,1035,609,22
2018-04-20,62,237,431,248,36
2018-04-21,66,313,1736,295,7
2018-04-22,49,309,2275,8,4
2018-04-23,88,320,2781,111,8
2018-04-24,78,377,2929,228,12
2018-04-25,76,687,2911,28,9
2018-04-26,68,614,1775,12,19
2018-04-27,44,559,1519,56,5
2018-04-28,57,684,1098,3,13
2018-04-29,55,343,1021,90,53
2018-04-30,95,224,1352,116,81
2018-05-01,96,359,1217,89,16
2018-05-02,105,395,1962,125,10
2018-05-03,113,545,4111,82,23
2018-05-04,57,398,2719,16,24
2018-05-05,57,540,1454,0,2
2018-05-06,69,582,2172,0,2
2018-05-07,71,512,749,0,7
2018-05-08,98,492,953,0,7
2018-05-09,105,543,1579,0,2
2018-05-10,91,586,1737,2,8
2018-05-11,81,523,2093,10,26
2018-05-12,79,538,2502,34,14
2018-05-13,88,799,2125,3,5
2018-05-14,116,884,2560,1,8
2018-05-15,130,750,3606,5,16
2018-05-16,97,661,3555,0,4
2018-05-17,106,630,3525,0,5
2018-05-18,124,517,3765,1,16
2018-05-19,95,611,4879,15,10
2018-05-20,107,679,4204,17,17
2018-05-21,90,755,3211,7,9
2018-05-22,105,951,3221,4,4
2018-05-23,91,930,2591,2,4
2018-05-24,86,570,1851,0,9
2018-05-25,87,477,2529,0,1
2018-05-26,88,504,2342,0,4
2018-05-27,82,638,2654,0,11
2018-05-28,102,524,3443,0,17
2018-05-29,123,578,3742,4,15
2018-05-30,128,588,4004,0,7
2018-05-31,145,793,2897,0,20
2018-06-01,120,701,2239,1,17
2018-06-02,88,718,2754,0,39
2018-06-03,61,484,2581,2,4
2018-06-04,101,341,1811,4,23
2018-06-05,109,332,1424,0,5
2018-06-06,108,406,1278,0,15
2018-06-07,92,377,1109,0,21
2018-06-08,89,355,1660,0,27
2018-06-09,96,554,2872,0,11
2018-06-10,71,578,2977,25,13
2018-06-11,96,395,3375,15,6
2018-06-12,106,519,2425,0,5
2018-06-13,107,579,2038,10,9
2018-06-14,98,454,1745,0,7
2018-06-15,92,383,1928,0,24
2018-06-16,101,412,2649,0,17
2018-06-17,98,429,2926,2,10
2018-06-18,89,466,3285,1,6
2018-06-19,99,416,3972,0,8
2018-06-20,109,500,3710,4,11
2018-06-21,113,503,4015,0,5
2018-06-22,93,438,3385,0,9
2018-06-23,105,583,2858,0,20
2018-06-24,168,623,2790,2,25
2018-06-25,133,463,3174,1,39
2018-06-26,128,436,2848,0,7
2018-06-27,117,485,2458,0,4
2018-06-28,126,647,2704,0,7
2018-06-29,2,34,61,0,5
2018-06-30,5,45,73,0,3
2018-07-01,79,450,2160,0,5
2018-07-02,129,561,1384,0,6
2018-07-03,118,610,2002,0,24
2018-07-04,105,407,2452,0,21
2018-07-05,80,663,2407,0,11
2018-07-06,125,413,2595,0,6
2018-07-07,101,301,1942,0,2
2018-07-08,81,384,1510,0,3
2018-07-09,91,498,1505,0,17
2018-07-10,103,513,1208,0,12
2018-07-11,119,444,1217,0,2
2018-07-12,107,368,1994,0,10
2018-07-13,86,427,2178,0,2
2018-07-14,88,620,2021,0,2
2018-07-15,67,814,2138,0,2
2018-07-16,94,887,2037,0,2
2018-07-17,83,587,2909,0,9
2018-07-18,113,535,1694,0,11
2018-07-19,108,424,1853,0,3
2018-07-20,121,393,3044,0,13
2018-07-21,102,491,3241,0,6
2018-07-22,103,458,3481,0,8
2018-07-23,124,592,3408,0,13
2018-07-24,119,657,2968,0,9
2018-07-25,102,697,3097,0,13
2018-07-26,84,773,2648,0,8
2018-07-27,72,728,1920,0,9
2018-07-28,75,771,2246,0,16
2018-07-29,84,786,2605,0,18
2018-07-30,77,826,3553,1,15
2018-07-31,100,847,3172,0,9
2018-08-01,99,713,3824,0,0
2018-08-02,89,711,3415,0,7
2018-08-03,93,772,3186,0,6
2018-08-04,87,879,2863,0,11
2018-08-05,93,885,1556,0,13
2018-08-06,109,704,2181,0,5
2018-08-07,122,933,2990,0,6
2018-08-08,101,1166,2371,0,4
2018-08-09,123,1032,2370,0,6
2018-08-10,90,990,2008,0,8
2018-08-11,98,1055,2778,0,5
2018-08-12,86,1248,2308,0,12
2018-08-13,95,1227,2625,0,5
2018-08-14,118,1153,2809,0,5
2018-08-15,87,940,2284,0,13
2018-08-16,94,1071,2455,0,6
2018-08-17,98,964,3257,0,8
2018-08-18,90,1202,3186,0,6
2018-08-19,76,1554,3199,0,5
2018-08-20,105,1001,3614,3,5
2018-08-21,88,830,3370,0,7
2018-08-22,96,838,2404,0,3
2018-08-23,77,821,1063,2,12
2018-08-24,103,827,2096,0,4
2018-08-25,71,1086,1751,0,2
2018-08-26,71,1154,1443,0,4
2018-08-27,94,804,2286,2,20
2018-08-28,112,671,2411,1,10
2018-08-29,108,564,2610,0,6
2018-08-30,85,620,1558,0,4
2018-08-31,89,525,2051,0,4
2018-09-01,81,478,2737,0,11
2018-09-02,79,538,2963,1,3
2018-09-03,85,799,3586,5,7
2018-09-04,113,680,3749,0,4
2018-09-05,101,611,3687,1,8
2018-09-06,81,663,3288,10,3
2018-09-07,92,657,3257,0,2
2018-09-08,85,645,3809,0,4
2018-09-09,88,513,3851,0,0
2018-09-10,125,671,3777,0,2
2018-09-11,102,1174,2938,0,2
2018-09-12,112,979,2199,0,0
2018-09-13,112,755,1589,0,15
2018-09-14,102,962,1913,0,40
2018-09-15,91,940,2450,0,24
2018-09-16,81,970,2323,0,3
2018-09-17,70,780,1945,0,3
2018-09-18,115,744,2663,0,6
2018-09-19,98,894,1540,0,2
2018-09-20,100,755,3059,3,8
2018-09-21,88,405,3490,0,13
2018-09-22,80,484,2861,1,6
2018-09-23,81,705,2052,0,1
2018-09-24,85,605,2621,6,12
2018-09-25,113,604,4645,7,8
2018-09-26,103,801,3985,0,11
2018-09-27,62,650,3408,0,12
2018-09-28,87,834,2670,126,7
2018-09-29,72,1065,1526,14,15
2018-09-30,73,753,1936,77,7
2018-10-01,94,743,2680,26,7
2018-10-02,99,780,2596,9,6
2018-10-03,114,952,2318,87,61
2018-10-04,95,651,2438,58,20
2018-10-05,93,729,2555,370,8
2018-10-06,80,714,3486,80,4
2018-10-07,80,1114,3859,129,7
2018-10-08,94,1310,4969,323,4
2018-10-09,98,762,5635,362,9
2018-10-10,118,806,5624,726,34
2018-10-11,92,557,4441,492,17
2018-10-12,64,454,2420,177,25
2018-10-13,55,508,2608,234,9
2018-10-14,42,447,1987,1023,31
2018-10-15,89,472,3857,492,3
2018-10-16,63,498,2663,47,6
2018-10-17,62,579,1872,192,7
2018-10-18,55,660,1135,134,0
2018-10-19,42,674,2409,29,0
2018-10-20,54,796,2724,267,17
2018-10-21,53,612,707,150,3
2018-10-22,44,619,379,25,1
2018-10-23,61,717,1642,58,3
2018-10-24,55,978,2190,126,3
2018-10-25,73,701,2752,30,1
2018-10-26,61,747,4047,13,5
2018-10-27,74,1119,3114,95,31
2018-10-28,68,723,2763,77,16
2018-10-29,92,824,1687,37,26
2018-10-30,95,864,643,125,10
2018-10-31,68,532,3188,263,3
2018-11-01,101,548,4019,81,16
2018-11-02,89,521,3691,68,44
2018-11-03,64,709,3014,262,30
2018-11-04,85,375,3000,382,28
2018-11-05,104,871,4074,222,18
2018-11-06,109,1237,4232,589,18
2018-11-07,91,1393,1450,958,5
2018-11-08,75,780,1814,1243,5
2018-11-09,87,831,4063,2135,15
2018-11-10,63,636,1276,1520,25
2018-11-11,52,512,504,1324,4
2018-11-12,91,534,3951,1961,11
2018-11-13,85,602,3915,1168,4
2018-11-14,78,360,1594,424,6
2018-11-15,101,597,2659,1579,2
2018-11-16,113,804,848,2030,15
2018-11-17,66,914,380,1575,6
2018-11-18,89,901,671,613,4
2018-11-19,82,1044,1320,756,3
2018-11-20,95,818,853,1185,0
2018-11-21,85,804,566,627,2
2018-11-22,112,778,1185,355,0
2018-11-23,94,551,1803,319,39
2018-11-24,119,1062,3827,801,28
2018-11-25,83,1458,1553,1103,88
2018-11-26,76,651,2513,1524,14
2018-11-27,79,385,1252,1977,15
2018-11-28,87,482,893,1317,12
2018-11-29,124,714,1496,1201,9
2018-11-30,143,1796,2424,745,14
2018-12-01,148,1356,6034,1490,19
2018-12-02,152,1117,4053,1842,9
2018-12-03,129,836,1501,1264,2
2018-12-04,124,387,393,1314,4
2018-12-05,119,283,414,1895,8
2018-12-06,99,396,983,1651,9
2018-12-07,117,476,2017,973,2
2018-12-08,105,671,3018,698,2
2018-12-09,75,681,2520,942,3
2018-12-10,114,982,1122,432,3
2018-12-11,103,1091,552,329,24
2018-12-12,125,916,394,684,21
2018-12-13,119,967,2097,536,123
2018-12-14,121,1133,4006,168,15
2018-12-15,85,943,3921,105,26
2018-12-16,46,789,1983,87,4
2018-12-17,91,915,945,373,2
2018-12-18,87,1053,741,256,22
2018-12-19,98,847,1136,234,49
2018-12-20,99,704,4387,186,25
2018-12-21,129,852,4905,541,31
2018-12-22,108,539,938,876,21
2018-12-23,68,586,852,1060,15
2018-12-24,100,635,809,1109,6
2018-12-25,86,851,660,892,6
2018-12-26,118,887,2422,1201,13
2018-12-27,128,661,4744,1817,47
2018-12-28,130,892,5609,1832,23
2018-12-29,191,958,1284,1671,9
2018-12-30,112,775,1879,830,22
2018-12-31,148,1450,4722,1584,53
2019-01-01,270,890,1936,1304,16
2019-01-02,206,707,2021,835,6
2019-01-03,129,532,3278,807,20
2019-01-04,131,645,2843,177,15
2019-01-05,144,1006,1693,67,5
2019-01-06,129,811,1228,813,28
2019-01-07,78,674,1650,961,98
2019-01-08,66,1122,1091,747,84
2019-01-09,69,632,1167,1415,11
2019-01-10,44,508,511,1157,2
2019-01-11,51,739,1141,846,0
2019-01-12,113,1044,1968,2161,0
2019-01-13,172,893,1626,1383,1
2019-01-14,207,1014,442,442,1
2019-01-15,164,964,817,548,6
2019-01-16,128,939,1274,1007,15
2019-01-17,143,1006,2437,1279,30
2019-01-18,167,1630,1381,1799,29
2019-01-19,186,1057,3561,2042,78
2019-01-20,134,1081,2865,2188,13
2019-01-21,204,1026,381,1504,50
2019-01-22,108,616,750,1795,53
2019-01-23,103,619,3901,1869,37
2019-01-24,174,1696,4110,1877,38
2019-01-25,294,772,108,1204,8
2019-01-26,338,704,423,1415,28
2019-01-27,296,1033,934,1408,69
2019-01-28,127,1362,724,2075,223
2019-01-29,320,1774,987,2015,16
2019-01-30,342,1232,203,1459,15
2019-01-31,196,741,598,689,11
2019-02-01,162,654,777,838,2
2019-02-02,104,1312,1593,289,21
2019-02-03,98,1955,2118,975,54
2019-02-04,150,2000,2332,1409,17
2019-02-05,149,1819,1609,1823,31
2019-02-06,128,1958,2961,2422,26
2019-02-07,235,2043,3585,2402,26
2019-02-08,310,1365,1339,1489,30
2019-02-09,186,574,975,1288,7
2019-02-10,124,781,2006,1776,10
2019-02-11,165,1704,3607,2235,50
2019-02-12,173,1490,4118,2784,31
2019-02-13,114,892,1972,2556,69
2019-02-14,79,868,1777,1181,60
2019-02-15,153,900,1556,1837,46
2019-02-16,173,807,1999,1417,46
2019-02-17,119,1129,2143,2092,2
2019-02-18,175,693,1772,2317,3
2019-02-19,395,698,2448,1274,1
2019-02-20,175,1173,4101,3358,23
2019-02-21,104,1436,2823,1796,1
2019-02-22,185,1594,2763,1286,9
2019-02-23,146,1862,4140,1529,92
2019-02-24,124,2137,3392,2383,417
2019-02-25,203,894,455,1448,123
2019-02-26,203,785,1099,1089,45
2019-02-27,175,969,1866,1641,10
2019-02-28,162,1259,1734,1129,25
2019-03-01,117,1121,2214,1261,19
2019-03-02,205,1602,1816,2178,18
2019-03-03,331,1796,2721,2180,13
2019-03-04,443,1373,1339,2196,20
2019-03-05,128,888,639,1498,10
2019-03-06,170,460,1338,1414,14
2019-03-07,220,568,904,1433,42
2019-03-08,120,996,1611,1202,27
2019-03-09,107,1337,3482,1318,133
2019-03-10,103,1025,2550,1616,16
2019-03-11,127,902,1411,467,4
2019-03-12,97,922,2344,475,20
2019-03-13,106,1261,4127,1068,275
2019-03-14,104,1016,2861,868,523
2019-03-15,61,285,2188,612,49
2019-03-16,65,392,805,685,2
2019-03-17,70,388,319,419,1
2019-03-18,102,416,202,187,2
2019-03-19,101,387,581,95,2
2019-03-20,71,347,1705,144,2
2019-03-21,88,585,2694,151,5
2019-03-22,78,510,1771,749,18
2019-03-23,78,527,1441,464,15
2019-03-24,69,531,1457,160,3
2019-03-25,87,644,1869,152,4
2019-03-26,101,614,1147,56,2
2019-03-27,69,301,684,51,9
2019-03-28,66,307,1073,207,5
2019-03-29,62,628,2098,521,11
2019-03-30,63,378,2892,764,11
2019-03-31,73,258,1969,804,5
2019-04-01,51,199,536,406,1
2019-04-02,52,415,1845,538,3
2019-04-03,78,489,1275,417,6
2019-04-04,60,583,2637,79,11
2019-04-05,50,1501,3425,224,2
2019-04-06,70,2269,2524,145,5
2019-04-07,59,1832,3099,41,8
2019-04-08,56,1139,3469,216,23
2019-04-09,59,1135,2901,332,27
2019-04-10,62,881,1413,1373,135
2019-04-11,72,689,1058,1816,185
2019-04-12,54,525,2636,1283,21
2019-04-13,51,653,3861,653,16
2019-04-14,51,755,3780,666,21
2019-04-15,71,459,2531,399,30
2019-04-16,59,240,999,153,5
2019-04-17,75,554,1844,64,10
2019-04-18,58,545,3595,88,30
2019-04-19,87,653,4334,17,31
2019-04-20,59,451,3781,18,8
2019-04-21,46,654,1487,16,9
2019-04-22,97,487,1686,40,7
2019-04-23,87,558,1845,43,5
2019-04-24,72,551,1967,4,10
2019-04-25,76,793,2601,23,10
2019-04-26,63,550,3440,19,35
2019-04-27,37,375,2248,589,31
2019-04-28,50,311,1168,431,58
2019-04-29,30,508,2066,456,19
2019-04-30,67,1243,3366,737,10
2019-05-01,66,1162,3070,688,5
2019-05-02,84,1513,3120,96,8
2019-05-03,68,1437,2793,24,4
2019-05-04,74,1754,2949,13,7
2019-05-05,78,748,3085,55,7
2019-05-06,69,816,1708,40,5
2019-05-07,58,778,2025,22,13
2019-05-08,77,819,3801,142,15
2019-05-09,83,772,3705,795,8
2019-05-10,59,428,2770,170,7
2019-05-11,53,708,3939,19,2
2019-05-12,71,678,4671,7,2
2019-05-13,61,787,2333,8,0
2019-05-14,73,554,1566,27,12
2019-05-15,69,520,1103,18,8
2019-05-16,56,564,1721,26,19
2019-05-17,52,428,2351,81,16
2019-05-18,70,733,3361,346,33
2019-05-19,62,939,4478,231,22
2019-05-20,84,765,2744,449,20
2019-05-21,84,708,4006,920,89
2019-05-22,103,631,3256,530,20
2019-05-23,75,574,2288,205,53
2019-05-24,86,776,2722,75,10
2019-05-25,78,704,1537,5,14
2019-05-26,84,701,2293,25,28
2019-05-27,76,702,2856,42,42
2019-05-28,76,557,2525,52,14
2019-05-29,71,617,1947,21,3
2019-05-30,72,842,2108,10,13
2019-05-31,57,858,1365,0,8
2019-06-01,79,671,1395,0,3
2019-06-02,62,727,1432,0,11
2019-06-03,66,536,969,2,7
2019-06-04,82,432,1223,4,13
2019-06-05,104,590,3386,0,15
2019-06-06,97,1003,3590,2,18
2019-06-07,83,815,3245,14,28
2019-06-08,55,632,2806,55,15
2019-06-09,60,578,3533,3,44
2019-06-10,63,681,2826,0,8
2019-06-11,88,510,2325,0,1
2019-06-12,80,348,2592,0,3
2019-06-13,85,507,3170,3,6
2019-06-14,74,367,1682,0,18
2019-06-15,75,304,2039,1,16
2019-06-16,84,794,3346,1,22
2019-06-17,94,982,2652,1,9
2019-06-18,105,1121,3407,1,7
2019-06-19,119,973,2920,1,14
2019-06-20,116,932,3830,14,39
2019-06-21,112,586,2444,21,20
2019-06-22,132,384,2007,28,27
2019-06-23,105,551,3011,25,15
2019-06-24,85,601,2969,0,16
2019-06-25,136,524,1863,0,12
2019-06-26,119,428,894,0,5
2019-06-27,121,638,1306,0,18
2019-06-28,116,753,1162,0,19
2019-06-29,102,766,1236,0,17
2019-06-30,120,565,1604,0,13
2019-07-01,100,491,1379,0,13
2019-07-02,115,472,1490,0,13
2019-07-03,126,722,1845,0,11
2019-07-04,115,784,1759,0,8
2019-07-05,112,1336,1867,0,7
2019-07-06,126,939,2059,0,10
2019-07-07,103,873,1467,0,13
2019-07-08,103,669,1615,0,13
2019-07-09,99,616,1646,0,16
2019-07-10,101,661,1562,0,7
2019-07-11,103,597,1548,0,5
2019-07-12,83,604,1798,0,10
2019-07-13,106,603,1358,0,17
2019-07-14,105,499,1580,0,17
2019-07-15,85,446,2095,0,16
2019-07-16,99,605,1950,0,5
2019-07-17,105,624,2320,0,10
2019-07-18,134,790,2025,1,8
2019-07-19,98,575,852,0,5
2019-07-20,103,528,1443,0,46
2019-07-21,108,529,1300,0,10
2019-07-22,107,429,2600,0,20
2019-07-23,97,367,3342,0,8
2019-07-24,87,634,1109,0,9
2019-07-25,112,544,736,0,2
2019-07-26,94,524,740,0,0
2019-07-27,95,538,686,0,6
2019-07-28,68,638,1105,0,2
2019-07-29,83,564,1608,0,9
2019-07-30,78,738,1000,0,5
2019-07-31,80,836,1100,0,9
2019-08-01,66,841,1273,0,7
2019-08-02,67,680,1891,0,6
2019-08-03,68,990,1526,0,3
2019-08-04,53,1132,1317,1,7
2019-08-05,87,1079,1556,0,9
2019-08-06,80,908,1466,0,4
2019-08-07,86,854,1753,0,14
2019-08-08,102,692,2034,0,9
2019-08-09,86,633,1223,0,7
2019-08-10,55,628,1524,0,8
2019-08-11,69,805,1560,0,13
2019-08-12,71,912,1531,0,19
2019-08-13,95,913,2229,0,9
2019-08-14,86,1009,1726,0,15
2019-08-15,87,1100,1481,0,13
2019-08-16,73,1096,1814,1,6
2019-08-17,83,917,1799,0,15
2019-08-18,110,840,2101,0,41
2019-08-19,106,795,1152,1,4
2019-08-20,114,920,1405,0,11
2019-08-21,103,909,1820,0,9
2019-08-22,99,790,2034,1,11
2019-08-23,94,628,2193,0,10
2019-08-24,67,606,1744,0,8
2019-08-25,66,510,1769,0,5
2019-08-26,86,566,3547,0,15
2019-08-27,101,680,2941,0,10
2019-08-28,81,802,1545,0,5
2019-08-29,88,567,964,0,4
2019-08-30,75,468,1149,0,29
2019-08-31,69,530,960,0,0
2019-09-01,70,688,1258,0,3
2019-09-02,56,1102,1603,0,17
2019-09-03,118,1237,1515,1,9
2019-09-04,120,637,856,0,11
2019-09-05,103,760,1244,0,22
2019-09-06,130,641,1685,0,45
2019-09-07,96,842,1172,0,3
2019-09-08,76,713,1880,2,9
2019-09-09,92,1083,2261,2,11
2019-09-10,125,1104,1727,0,10
2019-09-11,86,1085,2253,9,14
2019-09-12,96,1010,2961,15,11
2019-09-13,80,891,2420,6,2
2019-09-14,61,492,1040,2,4
2019-09-15,57,1082,1459,2,0
2019-09-16,74,1229,790,1,11
2019-09-17,64,981,975,0,23
2019-09-18,71,640,1483,0,6
2019-09-19,77,815,1252,0,0
2019-09-20,82,850,1400,1,6
2019-09-21,71,730,1865,0,7
2019-09-22,81,634,2656,4,6
2019-09-23,74,800,1675,0,3
2019-09-24,93,761,1162,1,5
2019-09-25,94,581,778,0,5
2019-09-26,91,697,1224,2,13
2019-09-27,63,926,1589,4,0
2019-09-28,59,634,2475,96,25
2019-09-29,47,1330,2897,308,44
2019-09-30,68,1253,1985,76,9
2019-10-01,60,963,2339,109,5
2019-10-02,79,1160,2914,168,4
2019-10-03,70,1246,2634,85,2
2019-10-04,74,775,1544,22,16
2019-10-05,70,794,2575,61,20
2019-10-06,62,726,1927,6,1
2019-10-07,52,499,2689,13,9
2019-10-08,112,963,1612,25,11
2019-10-09,122,926,1089,368,7
2019-10-10,80,784,2127,647,31
2019-10-11,50,550,3749,602,68
2019-10-12,62,588,1146,765,56
2019-10-13,53,606,1543,517,0
2019-10-14,77,966,1466,67,3
2019-10-15,81,847,2113,26,2
2019-10-16,90,769,4655,53,4
2019-10-17,62,663,1829,30,28
2019-10-18,64,514,868,111,27
2019-10-19,67,572,2882,74,10
2019-10-20,63,1519,3123,327,80
2019-10-21,55,1354,3778,199,96
2019-10-22,82,950,3297,49,51
2019-10-23,55,693,1627,275,22
2019-10-24,54,488,1269,432,13
2019-10-25,64,511,2821,98,28
2019-10-26,78,945,3605,189,26
2019-10-27,50,771,3852,546,28
2019-10-28,68,1423,423,604,7
2019-10-29,75,1585,2424,1056,5
2019-10-30,106,1746,5123,864,15
2019-10-31,80,923,5488,816,17
2019-11-01,68,226,1416,584,43
2019-11-02,46,420,485,486,1
2019-11-03,45,551,445,249,5
2019-11-04,52,535,750,596,1
2019-11-05,96,898,1006,374,6
2019-11-06,72,1331,775,939,1
2019-11-07,56,1014,2830,721,5
2019-11-08,72,757,1526,497,4
2019-11-09,39,529,530,316,1
2019-11-10,33,832,270,702,4
2019-11-11,72,1083,1185,2362,95
2019-11-12,82,687,2244,1746,9
2019-11-13,57,532,475,830,5
2019-11-14,46,793,994,606,6
2019-11-15,65,976,1926,101,1
2019-11-16,60,1027,1038,115,1
2019-11-17,26,843,929,210,8
2019-11-18,47,1417,1193,107,7
2019-11-19,67,1872,1572,361,0
2019-11-20,71,1771,1720,470,31
2019-11-21,70,887,3271,1071,1
2019-11-22,50,882,3104,686,3
2019-11-23,23,1009,2510,131,7
2019-11-24,61,592,1998,394,35
2019-11-25,43,748,560,491,46
2019-11-26,53,1118,980,1052,100
2019-11-27,121,836,3854,1468,175
2019-11-28,52,683,2389,1337,35
2019-11-29,79,2154,2417,1353,32
2019-11-30,96,1663,3504,2343,160
2019-12-01,85,1073,4225,2147,94
2019-12-02,89,553,1418,1622,17
2019-12-03,75,636,195,963,12
2019-12-04,50,718,1046,605,10
2019-12-05,59,1139,483,835,17
2019-12-06,35,712,952,479,7
2019-12-07,37,910,1064,219,10
2019-12-08,21,1207,1076,589,10
2019-12-09,93,2231,3230,1036,27
2019-12-10,223,1054,3166,1307,2
2019-12-11,251,838,1708,1537,4
2019-12-12,71,640,1282,894,5
2019-12-13,49,1826,3462,1096,19
2019-12-14,101,3333,3919,1415,10
2019-12-15,129,1591,582,1647,15
2019-12-16,103,1398,1574,1463,7
2019-12-17,132,1174,2789,1378,11
2019-12-18,212,554,570,1098,8
2019-12-19,62,413,502,546,8
2019-12-20,53,693,937,247,17
2019-12-21,46,852,1225,77,13
2019-12-22,44,1084,2311,73,9
2019-12-23,76,1531,2885,139,0
2019-12-24,43,1782,895,393,0
2019-12-25,30,1918,612,620,2
2019-12-26,59,1810,812,664,1
2019-12-27,82,1749,1251,555,2
2019-12-28,66,2700,3418,1090,5
2019-12-29,63,1791,5790,1412,55
2019-12-30,105,1102,3616,1981,51
2019-12-31,81,606,673,1539,15
2020-01-01,31,359,731,830,45
2020-01-02,38,599,2529,624,14
2020-01-03,52,1434,3651,512,6
2020-01-04,52,1485,3562,801,17
2020-01-05,50,436,590,919,92
2020-01-06,55,392,334,658,55
2020-01-07,47,344,719,763,30
2020-01-08,143,500,426,1227,9
2020-01-09,56,382,768,840,12
2020-01-10,84,787,2794,936,15
2020-01-11,180,689,5452,1661,59
2020-01-12,50,812,2620,1354,24
2020-01-13,80,1988,2106,1515,27
2020-01-14,144,2858,2580,1324,3
2020-01-15,166,2872,1011,904,3
2020-01-16,236,1388,2067,1303,21
2020-01-17,148,1316,1993,1922,38
2020-01-18,88,1499,3090,3335,224
2020-01-19,66,936,1233,2053,8
2020-01-20,138,497,83,1499,5
2020-01-21,86,516,725,669,8
2020-01-22,58,801,1800,1099,18
2020-01-23,64,1704,2413,1492,1
2020-01-24,81,1932,3601,1330,2
2020-01-25,67,1577,2914,1237,2
2020-01-26,75,1674,1882,977,1
2020-01-27,60,1756,1352,1330,8
2020-01-28,72,1675,1815,1521,17
2020-01-29,55,944,1326,1034,13
2020-01-30,77,1377,560,621,16
2020-01-31,54,1304,1708,1023,11
2020-02-01,66,1891,1710,543,37
2020-02-02,33,683,426,638,19
2020-02-03,77,443,410,723,71
2020-02-04,125,596,2377,743,5
2020-02-05,126,858,3573,1464,5
2020-02-06,82,1405,5698,1916,13
2020-02-07,87,840,3037,2810,81
2020-02-08,142,662,713,1850,8
2020-02-09,80,875,765,1746,11
2020-02-10,132,1228,3768,962,5
2020-02-11,152,1937,3747,1116,37
2020-02-12,128,1548,3104,1759,53
2020-02-13,203,1281,3361,2094,9
2020-02-14,325,518,552,791,27
2020-02-15,94,279,335,415,3
2020-02-16,71,754,1361,530,7
2020-02-17,65,1497,1163,1053,6
2020-02-18,101,1705,2553,1416,5
2020-02-19,175,957,2142,677,3
2020-02-20,308,632,2595,935,9
2020-02-21,122,246,383,268,7
2020-02-22,67,327,501,26,1
2020-02-23,58,398,1187,321,12
2020-02-24,72,621,2901,434,66
2020-02-25,63,1274,2886,736,67
2020-02-26,87,1540,1953,1281,9
2020-02-27,56,495,1365,1616,18
2020-02-28,68,414,229,1055,2
2020-02-29,57,487,413,614,14
2020-03-01,60,298,218,481,32
2020-03-02,77,462,1824,439,20
2020-03-03,86,1007,3071,373,53
2020-03-04,66,883,3343,285,52
2020-03-05,71,451,2586,503,97
2020-03-06,49,516,1217,658,7
2020-03-07,23,229,643,264,14
2020-03-08,15,338,556,177,33
2020-03-09,37,388,2250,351,7
2020-03-10,66,588,2957,269,8
2020-03-11,57,1600,1609,382,35
2020-03-12,49,1310,1538,338,15
2020-03-13,49,729,3898,833,11
2020-03-14,31,966,2749,1662,14
2020-03-15,33,1212,2299,771,3
2020-03-16,51,1292,2006,647,5
2020-03-17,65,1614,2631,306,5
2020-03-18,65,1562,2825,438,1
2020-03-19,67,1972,5147,1043,59
2020-03-20,58,944,3593,976,56
2020-03-21,60,384,1530,296,8
2020-03-22,55,884,2028,680,1
2020-03-23,58,1814,3831,923,3
2020-03-24,58,1378,2514,673,10
2020-03-25,51,1417,2724,560,8
2020-03-26,56,1148,853,337,17
2020-03-27,64,1070,1168,227,32
2020-03-28,43,1237,4167,382,45
2020-03-29,61,1232,3399,505,43
2020-03-30,47,815,2305,373,6
2020-03-31,51,558,2918,341,4
2020-04-01,45,408,1605,486,8
2020-04-02,59,613,987,978,7
2020-04-03,69,516,2298,841,6
2020-04-04,49,461,2004,255,2
2020-04-05,42,940,1377,143,1
2020-04-06,51,1009,1438,139,8
2020-04-07,60,1212,1918,69,8
2020-04-08,69,1144,1708,68,33
2020-04-09,81,532,2408,819,74
2020-04-10,66,219,1305,722,13
2020-04-11,51,179,774,299,6
2020-04-12,65,720,3572,1236,92
2020-04-13,95,577,5110,1259,64
2020-04-14,79,285,441,1209,5
2020-04-15,70,366,1115,1113,8
2020-04-16,64,267,534,1122,6
2020-04-17,69,373,910,1017,8
2020-04-18,78,509,2044,398,2
2020-04-19,52,712,2188,163,6
2020-04-20,70,688,2634,79,19
2020-04-21,59,697,1181,457,15
2020-04-22,59,449,1734,383,4
2020-04-23,64,740,3756,119,18
2020-04-24,80,1124,3513,143,7
2020-04-25,59,891,2169,17,4
2020-04-26,64,765,2203,13,3
2020-04-27,55,354,1713,99,9
2020-04-28,89,622,1740,33,52
2020-04-29,83,569,3369,68,71
2020-04-30,57,493,4205,26,17
2020-05-01,87,569,1913,1,21
2020-05-02,74,347,985,1,18
2020-05-03,73,317,1289,45,11
2020-05-04,60,423,1463,42,16
2020-05-05,63,555,2137,25,22
2020-05-06,54,379,1753,28,16
2020-05-07,71,309,690,30,36
2020-05-08,70,276,2480,256,54
2020-05-09,62,258,1145,769,33
2020-05-10,60,205,1351,139,13
2020-05-11,60,205,1518,191,13
2020-05-12,73,476,2094,191,11
2020-05-13,82,763,1909,49,5
2020-05-14,78,1018,3044,11,20
2020-05-15,79,743,2992,24,17
2020-05-16,88,943,2978,3,30
2020-05-17,59,622,4050,6,4
2020-05-18,78,750,4248,46,25
2020-05-19,91,631,3549,20,20
2020-05-20,104,578,2777,9,38
2020-05-21,78,668,2626,19,27
2020-05-22,74,843,2706,25,12
2020-05-23,70,1061,2514,124,18
2020-05-24,64,828,2015,46,31
2020-05-25,55,912,3421,22,24
2020-05-26,77,1126,3634,0,6
2020-05-27,90,1123,3040,0,7
2020-05-28,87,960,4080,0,6
2020-05-29,58,704,2288,0,7
2020-05-30,66,583,1548,0,17
2020-05-31,55,330,1003,2,29
2020-06-01,68,253,875,5,8
2020-06-02,51,424,866,4,9
2020-06-03,78,494,1442,0,23
2020-06-04,69,779,1847,0,27
2020-06-05,91,799,2140,0,47
2020-06-06,58,786,2188,1,120
2020-06-07,55,260,2401,25,104
2020-06-08,60,365,2030,66,55
2020-06-09,73,587,2987,83,146
2020-06-10,90,569,3031,1,79
2020-06-11,84,390,2027,0,7
2020-06-12,70,495,984,0,10
2020-06-13,70,274,1078,0,44
2020-06-14,45,222,973,21,37
2020-06-15,68,309,1480,2,10
2020-06-16,85,363,1830,2,46
2020-06-17,88,420,1474,11,15
2020-06-18,87,635,1641,0,4
2020-06-19,60,718,2139,2,9
2020-06-20,77,909,2329,0,5
2020-06-21,65,950,1866,0,9
2020-06-22,99,775,2675,0,16
2020-06-23,116,654,2667,0,27
2020-06-24,101,495,1818,1,16
2020-06-25,89,609,1938,0,14
2020-06-26,75,593,1653,0,18
2020-06-27,73,979,1814,0,22
2020-06-28,87,886,1856,0,45
2020-06-29,84,739,2273,0,24
2020-06-30,103,555,2153,1,7
2020-07-01,87,789,2012,0,11
2020-07-02,73,1198,773,0,9
2020-07-03,84,619,816,0,12
2020-07-04,93,802,972,1,7
2020-07-05,90,1836,1130,0,8
2020-07-06,103,714,1911,0,13
2020-07-07,115,812,2480,0,7
2020-07-08,111,860,1675,0,25
2020-07-09,113,764,1494,0,27
2020-07-10,94,587,2146,0,19
2020-07-11,85,591,1577,0,12
2020-07-12,71,332,1075,0,27
2020-07-13,111,650,910,0,21
2020-07-14,94,569,1177,0,16
2020-07-15,106,602,1661,0,11
2020-07-16,88,816,1463,0,6
2020-07-17,82,773,946,0,7
2020-07-18,96,635,1137,1,13
2020-07-19,95,459,1041,0,10
2020-07-20,66,418,1217,0,3
2020-07-21,96,551,2029,0,10
2020-07-22,82,709,2233,0,7
2020-07-23,100,673,2069,0,13
2020-07-24,57,660,1879,0,5
2020-07-25,67,711,1824,0,24
2020-07-26,65,449,1897,0,19
2020-07-27,68,352,1908,0,7
2020-07-28,93,536,2309,0,11
2020-07-29,76,596,2149,0,1
2020-07-30,76,659,2385,0,10
2020-07-31,94,616,2140,1,7
2020-08-01,63,719,2088,0,10
2020-08-02,68,631,1984,0,1
2020-08-03,70,519,1903,0,12
2020-08-04,99,704,2858,0,76
2020-08-05,88,568,1028,0,4
2020-08-06,105,649,1134,0,3
2020-08-07,73,656,1298,0,8
2020-08-08,68,724,1066,0,4
2020-08-09,67,785,1223,0,9
2020-08-10,107,696,1211,0,41
2020-08-11,96,793,1215,0,12
2020-08-12,93,743,1203,0,14
2020-08-13,90,721,1364,0,7
2020-08-14,87,719,1674,0,10
2020-08-15,83,673,2164,0,4
2020-08-16,62,733,1696,0,10
2020-08-17,73,774,931,0,26
2020-08-18,90,794,1032,0,6
2020-08-19,93,789,1093,0,4
2020-08-20,84,837,955,1,5
2020-08-21,65,1044,1844,0,13
2020-08-22,60,1502,1801,0,6
2020-08-23,74,1593,1120,0,4
2020-08-24,86,1253,1677,0,5
2020-08-25,92,1062,1670,0,8
2020-08-26,87,717,1237,0,9
2020-08-27,87,660,1730,0,66
2020-08-28,126,711,2740,0,23
2020-08-29,95,420,3100,0,13
2020-08-30,93,686,1547,0,13
2020-08-31,102,671,2694,2,8
2020-09-01,99,1081,2261,2,12
2020-09-02,102,1014,2682,1,19
2020-09-03,109,1233,1771,0,18
2020-09-04,78,749,754,0,3
2020-09-05,46,570,575,2,1
2020-09-06,60,640,823,0,7
2020-09-07,52,707,997,12,13
2020-09-08,97,1180,2978,454,81
2020-09-09,101,1321,4423,394,18
2020-09-10,84,1856,3595,89,3
2020-09-11,64,1969,2152,22,3
2020-09-12,74,1793,3020,2,2
2020-09-13,60,1548,2089,0,3
2020-09-14,63,1564,745,0,2
2020-09-15,81,1082,1097,0,4
2020-09-16,103,1349,1580,1,50
2020-09-17,74,1376,2961,2,0
2020-09-18,62,1135,1582,0,0
2020-09-19,39,597,573,4,6
2020-09-20,48,597,975,1,6
2020-09-21,41,698,1250,1,3
2020-09-22,80,999,1751,3,4
2020-09-23,80,1090,1542,4,0
2020-09-24,69,915,2475,7,4
2020-09-25,73,1640,2524,5,4
2020-09-26,84,1641,1395,0,19
2020-09-27,77,1445,1465,1,21
2020-09-28,91,980,3283,5,21
2020-09-29,87,903,2545,12,2
2020-09-30,82,649,2942,10,5
2020-10-01,64,710,1237,4,0
2020-10-02,64,827,1008,33,3
2020-10-03,73,1052,891,11,0
2020-10-04,53,1152,1108,19,1
2020-10-05,76,1127,547,5,0
2020-10-06,89,1370,321,8,5
2020-10-07,76,1318,623,0,12
2020-10-08,56,1312,379,2,0
2020-10-09,65,923,1121,3,11
2020-10-10,73,872,3126,1,23
2020-10-11,84,1100,3196,86,72
2020-10-12,71,1194,2878,20,90
2020-10-13,75,1243,1931,19,12
2020-10-14,71,931,961,37,60
2020-10-15,55,733,996,102,14
2020-10-16,49,611,2189,227,16
2020-10-17,48,506,1404,502,43
2020-10-18,32,666,1274,464,9
2020-10-19,62,1079,2062,397,10
2020-10-20,59,1990,1993,607,6
2020-10-21,49,2046,1846,506,2
2020-10-22,52,2358,1978,695,4
2020-10-23,59,1252,2471,669,9
2020-10-24,58,890,1702,569,13
2020-10-25,43,1173,2176,1106,15
2020-10-26,125,1587,2769,1464,26
2020-10-27,102,1705,2162,827,11
2020-10-28,79,1671,3672,361,11
2020-10-29,54,459,3362,98,27
2020-10-30,67,688,1517,418,13
2020-10-31,62,707,204,35,80
2020-11-01,47,648,1757,484,28
2020-11-02,70,553,319,285,12
2020-11-03,67,589,319,152,1
2020-11-04,56,582,294,12,4
2020-11-05,43,773,441,13,6
2020-11-06,49,1191,581,53,11
2020-11-07,47,972,1099,156,15
2020-11-08,2,75,150,52,3
2020-11-09,38,521,1131,394,14
2020-11-10,60,1095,2907,861,22
2020-11-11,70,1241,4245,665,14
2020-11-12,72,1136,3980,508,9
2020-11-13,62,1134,1506,467,37
2020-11-14,47,1098,1240,407,171
2020-11-15,44,704,2998,545,154
2020-11-16,81,451,963,360,28
2020-11-17,58,460,529,627,13
2020-11-18,68,260,807,225,38
2020-11-19,61,391,585,156,8
2020-11-20,59,566,444,175,0
2020-11-21,33,1160,1010,72,0
2020-11-22,50,1112,1993,510,5
2020-11-23,76,1208,2119,464,5
2020-11-24,69,1241,1923,1151,9
2020-11-25,57,1253,3360,429,16
2020-11-26,60,1509,2410,251,9
2020-11-27,57,1757,1070,154,11
2020-11-28,67,905,2174,107,12
2020-11-29,33,837,1974,123,12
2020-11-30,81,450,4416,807,17
2020-12-01,59,469,838,694,24
2020-12-02,66,328,651,446,14
2020-12-03,62,513,816,135,2
2020-12-04,65,532,1313,62,1
2020-12-05,36,640,2173,425,7
2020-12-06,53,733,603,299,0
2020-12-07,66,847,997,294,3
2020-12-08,58,775,193,200,6
2020-12-09,77,818,268,278,5
2020-12-10,109,1212,346,177,2
2020-12-11,62,1236,1397,701,5
2020-12-12,56,1737,2402,1253,19
2020-12-13,81,1557,2596,1527,17
2020-12-14,87,786,2720,1519,7
2020-12-15,64,620,564,1171,5
2020-12-16,62,806,2732,1527,5
2020-12-17,68,1207,1049,1978,10
2020-12-18,33,781,258,669,4
2020-12-19,72,714,1393,453,38
2020-12-20,61,1352,2080,524,47
2020-12-21,45,1832,1308,522,42
2020-12-22,80,918,753,554,45
2020-12-23,72,713,632,1106,620
2020-12-24,103,803,3682,1333,129
2020-12-25,107,342,2398,1518,18
2020-12-26,47,397,545,969,8
2020-12-27,41,421,242,885,7
2020-12-28,70,703,985,1025,5
2020-12-29,135,1093,728,1588,8
2020-12-30,98,645,2836,1669,17
2020-12-31,44,1052,4329,1073,12
2021-01-01,71,1766,4472,1353,4
2021-01-02,52,2124,2605,1085,18
2021-01-03,54,1775,2285,860,37
2021-01-04,57,1637,877,699,7
2021-01-05,58,1964,743,894,19
2021-01-06,51,1087,1147,454,7
2021-01-07,56,1373,1315,449,8
2021-01-08,45,1342,1497,683,1
2021-01-09,58,1540,199,446,3
2021-01-10,59,991,939,960,7
2021-01-11,76,708,1104,484,1
2021-01-12,61,1208,1325,262,15
2021-01-13,70,1068,689,172,130
2021-01-14,72,1125,986,773,470
2021-01-15,57,850,1225,1700,259
2021-01-16,61,1105,1476,1783,15
2021-01-17,29,609,360,1873,8
2021-01-18,39,555,203,2080,22
2021-01-19,48,642,593,1611,35
2021-01-20,46,492,798,1048,64
2021-01-21,46,885,1268,584,5
2021-01-22,59,1001,1421,1129,4
2021-01-23,45,1039,615,1475,1
2021-01-24,58,1412,1242,1295,2
2021-01-25,99,1951,3904,1607,23
2021-01-26,125,1979,2338,2581,22
2021-01-27,141,1212,1758,1861,41
2021-01-28,104,432,1141,1749,11
2021-01-29,69,645,878,750,13
2021-01-30,76,841,1660,772,53
2021-01-31,74,843,2769,2274,2
2021-02-01,72,870,1383,1698,6
2021-02-02,81,814,890,1565,4
2021-02-03,72,907,452,982,22
2021-02-04,84,861,787,2015,23
2021-02-05,98,1061,1857,1874,36
2021-02-06,173,944,1450,1290,21
2021-02-07,337,1086,1782,2619,28
2021-02-08,300,1329,249,1557,11
2021-02-09,434,1733,903,1693,2
2021-02-10,293,2712,761,1402,4
2021-02-11,323,2336,2371,2087,15
2021-02-12,310,1866,2106,2069,7
2021-02-13,357,1771,2320,2778,38
2021-02-14,491,2004,2045,2498,16
2021-02-15,483,2275,1886,2824,9
2021-02-16,522,1574,2202,2603,10
2021-02-17,446,842,676,2457,4
2021-02-18,127,1307,2469,3463,1
2021-02-19,191,1463,1879,1968,24
2021-02-20,148,1059,255,1044,20
2021-02-21,75,696,281,1039,24
2021-02-22,84,769,2227,1153,96
2021-02-23,87,614,597,604,59
2021-02-24,83,358,381,609,8
2021-02-25,113,561,621,462,27
2021-02-26,94,875,2113,366,16
2021-02-27,81,2101,2260,1089,19
2021-02-28,120,1818,2869,537,4
2021-03-01,103,916,3263,527,10
2021-03-02,59,259,1536,272,24
2021-03-03,75,395,959,76,4
2021-03-04,71,440,229,372,11
2021-03-05,46,347,650,105,7
2021-03-06,43,360,693,201,16
2021-03-07,46,101,342,73,2
2021-03-08,42,258,126,65,3
2021-03-09,63,327,306,246,16
2021-03-10,46,499,1626,940,49
2021-03-11,77,446,1533,640,25
2021-03-12,77,607,1376,328,2
2021-03-13,65,982,1583,530,28
2021-03-14,43,538,2275,1058,98
2021-03-15,56,931,2127,1327,24
2021-03-16,64,1413,2388,1087,42
2021-03-17,100,1991,2479,697,75
2021-03-18,84,1003,4278,221,16
2021-03-19,61,348,1672,112,6
2021-03-20,39,243,656,212,12
2021-03-21,52,240,769,394,24
2021-03-22,54,374,1333,401,23
2021-03-23,60,687,2966,525,14
2021-03-24,43,988,3915,610,10
2021-03-25,70,1451,3588,376,10
2021-03-26,58,1071,3007,640,38
2021-03-27,71,1247,1612,418,2
2021-03-28,47,631,3746,282,36
2021-03-29,44,326,859,335,360
2021-03-30,59,375,571,474,309
2021-03-31,53,572,2707,295,8
2021-04-01,63,321,1814,770,6
2021-04-02,46,186,71,265,7
2021-04-03,54,238,164,8,4
2021-04-04,57,242,180,5,5
2021-04-05,65,359,404,129,7
2021-04-06,51,291,624,360,24
2021-04-07,58,467,1955,190,39
2021-04-08,63,836,3077,71,18
2021-04-09,65,1094,2610,172,102
2021-04-10,77,808,3179,64,35
2021-04-11,74,771,2726,114,37
2021-04-12,82,765,1702,269,13
2021-04-13,60,647,1070,605,16
2021-04-14,52,438,1948,1022,18
2021-04-15,58,667,2798,739,14
2021-04-16,58,854,2845,1259,2
2021-04-17,33,305,2135,247,2
2021-04-18,41,354,911,104,3
2021-04-19,73,398,1211,870,16
2021-04-20,59,502,890,1395,14
2021-04-21,60,360,845,1425,18
2021-04-22,72,232,343,497,12
2021-04-23,48,446,1410,255,13
2021-04-24,57,513,3722,163,20
2021-04-25,48,800,2225,267,15
2021-04-26,67,460,1104,267,28
2021-04-27,85,516,880,177,8
2021-04-28,65,538,2602,84,3
2021-04-29,69,859,4030,2,2
2021-04-30,47,558,2459,15,13
2021-05-01,59,346,1389,60,25
2021-05-02,43,329,1857,21,40
2021-05-03,63,644,4103,221,19
2021-05-04,104,900,3850,86,19
2021-05-05,92,738,2723,43,6
2021-05-06,54,487,1138,7,6
2021-05-07,50,383,1426,52,11
2021-05-08,46,305,1372,134,27
2021-05-09,43,248,2807,177,14
2021-05-10,50,648,2454,185,3
2021-05-11,68,706,2123,324,6
2021-05-12,60,484,2138,14,14
2021-05-13,56,423,455,8,1
2021-05-14,54,308,554,2,13
2021-05-15,51,338,1318,7,11
2021-05-16,60,494,2264,3,7
2021-05-17,70,861,2538,11,10
2021-05-18,92,677,2525,61,22
2021-05-19,76,774,2635,4,24
2021-05-20,73,472,2839,129,35
2021-05-21,68,543,2142,208,38
2021-05-22,57,544,1958,117,25
2021-05-23,46,741,2243,67,20
2021-05-24,65,748,1949,14,29
2021-05-25,61,478,1634,0,36
2021-05-26,75,553,1861,4,12
2021-05-27,76,642,2443,20,18
2021-05-28,74,518,3195,63,14
2021-05-29,74,498,3103,2,22
2021-05-30,54,442,2584,9,9
2021-05-31,74,722,1837,11,10
2021-06-01,77,921,1647,9,3
2021-06-02,73,769,2140,6,2
2021-06-03,82,962,3447,1,2
2021-06-04,70,837,2126,0,8
2021-06-05,70,759,1492,0,2
2021-06-06,54,386,1883,0,29
2021-06-07,68,421,2507,2,11
2021-06-08,92,748,2268,0,12
2021-06-09,101,1072,1846,0,27
2021-06-10,88,992,1672,1,27
2021-06-11,77,663,2395,0,105
2021-06-12,78,814,1597,0,8
2021-06-13,71,692,1189,2,12
2021-06-14,88,576,1537,1,7
2021-06-15,107,606,1173,0,2
2021-06-16,79,398,456,0,9
2021-06-17,61,355,439,1,2
2021-06-18,54,326,991,0,5
2021-06-19,93,334,2276,0,13
2021-06-20,67,678,3247,0,13
2021-06-21,75,504,2795,2,28
2021-06-22,65,415,3438,3,5
2021-06-23,86,516,1124,0,13
2021-06-24,77,403,1561,2,19
2021-06-25,58,634,2918,0,12
2021-06-26,65,718,3414,6,14
2021-06-27,48,613,2722,4,16
2021-06-28,86,552,2601,2,3
2021-06-29,85,760,3295,0,2
2021-06-30,73,953,2511,0,3
2021-07-01,92,727,3029,2,9
2021-07-02,82,665,3842,1,6
2021-07-03,67,624,2107,0,1
2021-07-04,58,583,1183,0,3
2021-07-05,81,1338,1126,0,10
2021-07-06,85,797,2476,0,30
2021-07-07,107,854,3444,0,6
2021-07-08,94,617,3689,1,15
2021-07-09,89,743,3558,0,18
2021-07-10,55,705,2224,0,55
2021-07-11,70,776,2661,0,28
2021-07-12,51,902,2465,0,14
2021-07-13,59,964,2173,0,6
2021-07-14,71,1026,1814,0,20
2021-07-15,69,1029,1812,0,11
2021-07-16,58,857,2182,0,9
2021-07-17,50,778,2063,0,8
2021-07-18,69,820,2343,0,8
2021-07-19,80,917,2809,0,1
2021-07-20,78,1764,2017,0,6
2021-07-21,79,1671,1298,0,3
2021-07-22,73,1206,944,0,11
2021-07-23,68,1125,1056,0,9
2021-07-24,57,1152,1409,0,4
2021-07-25,66,937,1208,0,6
2021-07-26,93,1512,1101,0,18
2021-07-27,88,1065,1288,0,9
2021-07-28,97,1151,1395,0,7
2021-07-29,102,1345,1485,0,6
2021-07-30,69,1578,1244,0,6
2021-07-31,55,1503,1387,0,3
2021-08-01,37,1486,2154,3,6
2021-08-02,72,1452,1827,1,5
2021-08-03,74,1161,1804,0,3
2021-08-04,85,1087,1651,0,1
2021-08-05,84,1098,1577,0,9
2021-08-06,59,1369,1340,0,6
2021-08-07,69,1465,2293,0,8
2021-08-08,59,1526,1851,0,12
2021-08-09,80,1257,1586,0,15
2021-08-10,103,931,1186,0,7
2021-08-11,106,646,1470,0,26
2021-08-12,69,558,1193,0,10
2021-08-13,59,625,1276,0,10
2021-08-14,60,776,1592,0,5
2021-08-15,45,849,1462,0,10
2021-08-16,89,1075,2324,3,8
2021-08-17,106,1254,2792,0,7
2021-08-18,98,1070,2945,0,20
2021-08-19,112,1368,2719,0,7
2021-08-20,87,1432,2121,1,4
2021-08-21,77,1183,1785,3,4
2021-08-22,75,1156,2181,0,8
2021-08-23,77,1285,1376,0,4
2021-08-24,105,1302,1080,0,8
2021-08-25,81,1207,1014,0,0
2021-08-26,100,1339,1473,0,18
2021-08-27,81,1044,2319,0,4
2021-08-28,96,1073,1627,0,8
2021-08-29,70,811,1983,2,17
2021-08-30,91,919,1713,0,19
2021-08-31,91,1078,2577,0,11
2021-09-01,86,702,3113,0,0
2021-09-02,73,641,2536,0,5
2021-09-03,69,832,1933,2,8
2021-09-04,67,870,1478,0,4
2021-09-05,57,970,1658,0,3
2021-09-06,53,1085,1073,0,3
2021-09-07,62,869,661,1,6
2021-09-08,67,776,1320,1,6
2021-09-09,70,871,2167,5,7
2021-09-10,63,960,751,2,7
2021-09-11,38,616,442,0,6
2021-09-12,34,388,812,0,4
2021-09-13,58,692,1479,0,5
2021-09-14,75,967,1831,1,20
2021-09-15,69,950,2492,0,13
2021-09-16,81,821,2050,1,2
2021-09-17,69,751,1741,0,18
2021-09-18,56,1330,1756,1,11
2021-09-19,47,1197,1883,1,9
2021-09-20,48,864,2964,11,15
2021-09-21,51,835,3286,22,6
2021-09-22,76,732,3745,16,3
2021-09-23,80,643,2381,24,10
2021-09-24,49,636,1297,1,2
2021-09-25,49,803,796,3,1
2021-09-26,47,681,688,2,1
2021-09-27,65,651,751,0,2
2021-09-28,76,878,1323,18,8
2021-09-29,60,1110,1460,15,6
2021-09-30,78,1175,1773,15,9
2021-10-01,84,1723,1980,15,5
2021-10-02,56,1678,2210,3,2
2021-10-03,68,1541,2618,0,2
2021-10-04,64,1652,2355,0,0
2021-10-05,69,1970,2137,0,5
2021-10-06,65,1320,2160,9,4
2021-10-07,68,1740,2238,17,3
2021-10-08,75,2099,2385,10,1
2021-10-09,65,1584,2199,7,7
2021-10-10,43,794,1985,27,18
2021-10-11,54,727,2295,227,47
2021-10-12,75,1251,1870,811,59
2021-10-13,69,1336,2316,422,75
2021-10-14,71,1550,1961,180,4
2021-10-15,55,1558,1865,86,6
2021-10-16,45,661,1962,8,3
2021-10-17,41,426,920,4,4
2021-10-18,73,542,527,47,10
2021-10-19,82,667,419,181,5
2021-10-20,50,512,1193,155,1
2021-10-21,44,881,1794,8,6
2021-10-22,46,1304,1760,11,2
2021-10-23,44,1091,1478,32,2
2021-10-24,39,946,3162,58,11
2021-10-25,60,848,4378,85,29
2021-10-26,42,892,3173,198,41
2021-10-27,77,712,3145,123,86
2021-10-28,52,829,3767,41,120
2021-10-29,65,1022,4858,40,6
2021-10-30,51,1048,2493,65,4
2021-10-31,50,1111,1671,110,4
2021-11-01,59,673,782,446,0
2021-11-02,49,985,1464,291,3
2021-11-03,58,1058,1746,256,3
2021-11-04,48,954,1600,61,8
2021-11-05,39,793,986,19,16
2021-11-06,46,802,1143,36,2
2021-11-07,42,825,785,58,3
2021-11-08,26,1061,149,47,2
2021-11-09,50,1019,809,82,10
2021-11-10,43,1558,1277,155,10
2021-11-11,42,849,3333,421,74
2021-11-12,47,1243,3835,1153,128
2021-11-13,41,1218,1273,846,52
2021-11-14,34,520,1133,1317,36
2021-11-15,71,636,947,618,36
2021-11-16,66,745,312,250,94
2021-11-17,67,986,454,257,167
2021-11-18,65,967,1427,802,6
2021-11-19,60,563,1025,462,12
2021-11-20,48,606,479,160,2
2021-11-21,56,794,1150,299,21
2021-11-22,69,820,1689,223,11
2021-11-23,78,365,392,304,15
2021-11-24,52,357,196,449,3
2021-11-25,28,572,2024,421,25
2021-11-26,44,400,1385,556,11
2021-11-27,40,332,963,591,1
2021-11-28,32,619,857,710,17
2021-11-29,59,777,303,463,5
2021-11-30,66,847,331,493,9
2021-12-01,70,1003,740,256,23
2021-12-02,68,1390,777,144,6
2021-12-03,43,1448,538,430,2
2021-12-04,46,1697,340,368,3
2021-12-05,42,1694,911,1003,99
2021-12-06,81,1722,2731,1202,110
2021-12-07,97,1072,1017,946,14
2021-12-08,77,1371,1688,1063,20
2021-12-09,73,1123,805,882,15
2021-12-10,70,1599,1918,1159,78
2021-12-11,86,1455,3769,862,161
2021-12-12,60,354,1360,299,36
2021-12-13,64,456,924,263,8
2021-12-14,79,905,1580,460,44
2021-12-15,84,1044,1325,754,386
2021-12-16,107,1360,2373,1040,384
2021-12-17,77,1443,1274,635,9
2021-12-18,124,1649,3650,1379,21
2021-12-19,65,761,2603,929,14
2021-12-20,55,499,874,491,5
2021-12-21,53,981,1411,611,23
2021-12-22,76,1058,1379,764,7
2021-12-23,39,590,1274,604,23
2021-12-24,48,989,1711,942,52
2021-12-25,43,1005,2104,992,15
2021-12-26,92,1675,810,1660,126
2021-12-27,107,1653,1367,1912,47
2021-12-28,107,1221,1882,2091,18
2021-12-29,204,1541,2404,1136,6
2021-12-30,128,2487,2743,1243,67
2021-12-31,143,3038,1360,1185,9
2022-01-01,224,1851,3314,1415,33
2022-01-02,265,1027,3155,1251,38
2022-01-03,134,240,2640,1244,69
2022-01-04,80,531,442,821,148
2022-01-05,151,1549,972,1651,145
2022-01-06,242,1462,863,2238,38
2022-01-07,192,613,736,1940,39
2022-01-08,83,1235,1041,673,25
2022-01-09,156,1159,3035,449,16
2022-01-10,209,573,986,617,9
2022-01-11,166,313,385,482,9
2022-01-12,74,355,437,185,6
2022-01-13,62,888,394,343,6
2022-01-14,47,1336,236,1080,117
2022-01-15,189,934,783,1052,116
2022-01-16,105,742,2128,1849,1
2022-01-17,52,725,1133,2119,32
2022-01-18,54,742,387,876,119
2022-01-19,107,1113,608,776,21
2022-01-20,254,784,1915,1275,13
2022-01-21,280,720,1012,1142,45
2022-01-22,114,669,408,1383,18
2022-01-23,179,686,213,1259,5
2022-01-24,122,842,623,1602,1
2022-01-25,343,908,826,1323,3
2022-01-26,340,796,390,810,6
2022-01-27,116,598,189,1256,2
2022-01-28,242,631,371,1274,5
2022-01-29,113,354,228,1257,18
2022-01-30,66,311,152,758,0
2022-01-31,86,654,757,196,49
2022-02-01,68,909,650,597,143
2022-02-02,176,1286,2004,1843,15
2022-02-03,329,1272,3482,2292,4
2022-02-04,242,1058,3123,2053,11
2022-02-05,146,553,635,1280,12
2022-02-06,76,572,401,741,6
2022-02-07,107,918,1419,679,13
2022-02-08,59,872,695,494,27
2022-02-09,54,559,390,616,11
2022-02-10,38,678,365,1137,25
2022-02-11,69,759,840,1309,185
2022-02-12,120,612,471,1079,13
2022-02-13,190,469,580,1702,1
2022-02-14,136,407,303,963,7
2022-02-15,92,386,195,477,14
2022-02-16,52,359,593,815,25
2022-02-17,135,914,4019,1343,38
2022-02-18,116,755,2108,1527,176
2022-02-19,86,740,164,1106,58
2022-02-20,23,325,259,468,23
2022-02-21,62,841,1039,976,58
2022-02-22,164,1934,3451,2054,30
2022-02-23,239,1326,2123,2211,38
2022-02-24,257,2205,1414,2083,8
2022-02-25,230,1172,1647,2299,4
2022-02-26,82,427,812,554,13
2022-02-27,56,517,1571,341,9
2022-02-28,73,619,887,360,10
2022-03-01,63,306,547,214,14
2022-03-02,62,757,531,509,3
2022-03-03,116,571,579,534,1
2022-03-04,64,573,451,187,26
2022-03-05,33,938,1207,1154,17
2022-03-06,62,757,1748,1497,56
2022-03-07,65,679,2971,1607,13
2022-03-08,71,541,1853,974,17
2022-03-09,55,880,2865,2217,3
2022-03-10,139,912,1168,909,21
2022-03-11,80,1252,982,1345,15
2022-03-12,122,948,2776,2382,52
2022-03-13,8,77,164,289,5
2022-03-14,34,157,354,287,16
2022-03-15,70,546,2033,135,6
2022-03-16,61,1063,1955,173,5
2022-03-17,67,1469,1773,420,44
2022-03-18,72,1335,2613,399,19
2022-03-19,40,865,2635,308,7
2022-03-20,30,571,1278,210,16
2022-03-21,47,279,1683,405,64
2022-03-22,70,580,3425,704,144
2022-03-23,50,651,4022,861,42
2022-03-24,46,718,3360,476,21
2022-03-25,41,730,2017,376,164
2022-03-26,28,292,842,1057,8
2022-03-27,35,309,250,910,5
2022-03-28,47,349,550,640,20
2022-03-29,62,459,974,394,93
2022-03-30,69,534,3281,1198,80
2022-03-31,75,492,3400,965,30
2022-04-01,55,429,2106,922,9
2022-04-02,40,388,1215,553,6
2022-04-03,37,576,835,497,18
2022-04-04,59,586,1815,588,53
2022-04-05,96,1011,3264,436,232
2022-04-06,90,1084,4020,672,369
2022-04-07,97,703,3540,999,364
2022-04-08,60,460,2742,863,19
2022-04-09,54,327,1486,720,21
2022-04-10,42,306,646,470,63
2022-04-11,58,289,1936,578,50
2022-04-12,66,674,2038,975,282
2022-04-13,105,682,3659,911,186
2022-04-14,64,511,2101,1307,365
2022-04-15,69,504,950,1268,19
2022-04-16,52,468,2092,518,19
2022-04-17,55,740,1551,688,60
2022-04-18,79,449,3229,1459,8
2022-04-19,62,379,1934,1121,53
2022-04-20,67,400,1874,273,24
2022-04-21,92,833,1988,195,23
2022-04-22,73,893,2094,163,197
2022-04-23,73,799,1540,785,535
2022-04-24,51,395,1849,312,190
2022-04-25,64,373,2432,266,8
2022-04-26,62,502,1833,264,10
2022-04-27,66,300,781,229,10
2022-04-28,93,188,831,112,14
2022-04-29,81,349,1703,169,66
2022-04-30,64,409,3316,73,156
2022-05-01,60,706,2335,77,11
2022-05-02,72,900,2713,271,20
2022-05-03,68,725,2973,154,23
2022-05-04,83,1248,2245,124,5
2022-05-05,72,1006,2811,24,4
2022-05-06,81,983,3721,2,22
2022-05-07,83,610,2644,51,40
2022-05-08,70,459,1723,170,101
2022-05-09,61,534,931,283,103
2022-05-10,75,418,330,86,11
2022-05-11,76,755,563,29,42
2022-05-12,76,924,1600,23,87
2022-05-13,77,907,2231,34,198
2022-05-14,62,1044,1784,18,18
2022-05-15,74,1300,1667,0,6
2022-05-16,77,707,1712,0,16
2022-05-17,75,428,937,0,21
2022-05-18,81,492,1797,4,18
2022-05-19,70,998,1785,67,93
2022-05-20,91,770,2129,447,83
2022-05-21,78,734,2176,421,23
2022-05-22,76,485,2216,65,20
2022-05-23,69,503,2488,41,8
2022-05-24,84,576,3504,85,17
2022-05-25,108,817,4746,19,19
2022-05-26,122,772,3647,12,2
2022-05-27,112,934,3185,3,15
2022-05-28,79,830,2297,4,24
2022-05-29,71,804,1317,29,60
2022-05-30,73,519,1817,89,107
2022-05-31,88,530,1369,16,63
2022-06-01,91,503,1805,33,15
2022-06-02,94,654,2109,2,12
2022-06-03,66,606,1653,2,7
2022-06-04,62,446,1964,0,9
2022-06-05,105,413,1954,0,15
2022-06-06,107,601,2348,7,21
2022-06-07,114,718,2187,3,8
2022-06-08,102,845,2602,7,44
2022-06-09,93,822,2211,0,11
2022-06-10,93,592,1791,0,19
2022-06-11,56,719,1890,1,14
2022-06-12,50,807,1762,0,23
2022-06-13,97,931,1687,26,39
2022-06-14,100,644,1366,21,71
2022-06-15,96,756,1097,8,39
2022-06-16,79,599,1131,0,18
2022-06-17,95,428,992,0,50
2022-06-18,95,455,849,0,33
2022-06-19,78,251,983,0,22
2022-06-20,79,284,836,7,23
2022-06-21,112,383,810,1,19
2022-06-22,101,445,957,0,7
2022-06-23,119,607,1282,6,3
2022-06-24,105,620,809,0,17
2022-06-25,91,554,1623,0,10
2022-06-26,60,488,1482,2,8
2022-06-27,72,395,1744,0,16
2022-06-28,81,373,1143,0,6
2022-06-29,78,455,1255,0,19
2022-06-30,78,547,1262,0,12
2022-07-01,53,331,1776,0,26
2022-07-02,64,582,2151,0,6
2022-07-03,72,652,1641,0,12
2022-07-04,77,571,1720,0,11
2022-07-05,87,953,1854,0,22
2022-07-06,81,531,2320,0,13
2022-07-07,87,646,1575,0,10
2022-07-08,80,633,1951,0,7
2022-07-09,76,466,1978,0,11
2022-07-10,107,439,1984,0,17
2022-07-11,77,536,1243,1,26
2022-07-12,102,367,944,0,7
2022-07-13,106,525,1342,0,7
2022-07-14,81,539,1232,0,25
2022-07-15,94,560,1950,0,11
2022-07-16,80,904,1538,0,8
2022-07-17,108,956,1908,0,12
2022-07-18,119,840,2187,0,19
2022-07-19,100,531,1330,0,37
2022-07-20,93,360,892,0,4
2022-07-21,97,380,932,0,4
2022-07-22,90,471,1023,0,20
2022-07-23,110,464,1354,0,34
2022-07-24,84,437,1528,0,13
2022-07-25,93,325,1990,0,13
2022-07-26,78,455,2051,0,4
2022-07-27,96,673,1911,0,2
2022-07-28,89,480,1835,0,7
2022-07-29,97,492,1594,0,7
2022-07-30,72,572,1340,0,7
2022-07-31,82,493,1694,0,7
2022-08-01,81,543,1923,0,2
2022-08-02,96,556,1078,0,7
2022-08-03,91,467,1338,0,18
2022-08-04,89,539,1512,0,5
2022-08-05,92,659,1460,0,5
2022-08-06,67,770,1812,0,10
2022-08-07,70,614,2156,0,7
2022-08-08,90,606,1968,0,9
2022-08-09,101,667,1691,0,5
2022-08-10,91,657,1384,0,3
2022-08-11,94,678,1656,0,3
2022-08-12,98,511,1702,0,13
2022-08-13,70,558,1088,0,2
2022-08-14,88,667,1206,0,4
2022-08-15,116,801,1697,1,7
2022-08-16,96,944,1777,0,12
2022-08-17,95,802,1730,0,13
2022-08-18,93,1110,1832,0,5
2022-08-19,89,820,2450,0,11
2022-08-20,80,789,2416,0,3
2022-08-21,89,1190,2943,0,1
2022-08-22,121,1190,3140,0,3
2022-08-23,124,1295,1998,0,4
2022-08-24,110,1127,1634,0,3
2022-08-25,112,868,2172,0,6
2022-08-26,123,1122,1603,0,4
2022-08-27,121,1236,1292,0,6
2022-08-28,120,739,1556,0,5
2022-08-29,120,584,1714,0,19
2022-08-30,106,618,1896,0,7
2022-08-31,119,670,999,0,7
2022-09-01,92,663,785,0,3
2022-09-02,93,624,1027,1,7
2022-09-03,88,613,1495,3,5
2022-09-04,92,780,1939,0,7
2022-09-05,108,880,2629,2,5
2022-09-06,120,1121,2176,0,0
2022-09-07,120,1318,1045,0,2
2022-09-08,113,1196,925,0,8
2022-09-09,101,899,1865,0,3
2022-09-10,75,1055,3064,5,0
2022-09-11,111,1275,3410,2,1
2022-09-12,112,1275,2151,0,6
2022-09-13,98,1116,1508,0,0
2022-09-14,97,1070,898,0,9
2022-09-15,116,935,852,1,2
2022-09-16,92,1238,1324,0,2
2022-09-17,91,1012,1039,1,3
2022-09-18,70,807,1206,0,7
2022-09-19,105,1090,1493,0,4
2022-09-20,101,1204,1096,0,3
2022-09-21,86,808,1256,0,3
2022-09-22,101,596,2415,8,10
2022-09-23,64,479,1015,6,4
2022-09-24,68,607,1093,1,1
2022-09-25,72,450,1706,10,2
2022-09-26,78,611,1485,7,9
2022-09-27,101,546,1121,6,4
2022-09-28,82,485,1349,11,39
2022-09-29,110,536,902,5,86
2022-09-30,131,776,2242,11,29
2022-10-01,90,837,2566,10,11
2022-10-02,76,578,1362,4,7
2022-10-03,64,648,1156,17,4
2022-10-04,75,916,1370,11,8
2022-10-05,93,971,1509,10,0
2022-10-06,84,1237,984,16,1
2022-10-07,84,1002,981,33,5
2022-10-08,82,653,638,23,8
2022-10-09,53,588,440,11,3
2022-10-10,65,885,413,16,1
2022-10-11,86,985,774,7,15
2022-10-12,88,704,2736,11,57
2022-10-13,111,898,3089,104,76
2022-10-14,70,828,1857,346,2
2022-10-15,65,814,868,110,1
2022-10-16,66,666,1768,88,9
2022-10-17,64,664,2316,321,10
2022-10-18,65,569,1330,275,7
2022-10-19,67,640,834,250,3
2022-10-20,88,547,217,87,1
2022-10-21,65,576,200,12,2
2022-10-22,62,633,673,49,32
2022-10-23,72,620,989,488,115
2022-10-24,71,839,3554,352,47
2022-10-25,115,1283,3529,153,23
2022-10-26,89,1222,2619,223,3
2022-10-27,71,708,708,202,12
2022-10-28,50,485,1524,38,4
2022-10-29,50,1050,1569,32,2
2022-10-30,69,1239,1740,13,3
2022-10-31,99,1883,2485,8,5
2022-11-01,85,1986,1935,97,7
2022-11-02,106,1474,806,337,22
2022-11-03,100,1236,578,601,18
2022-11-04,67,826,2564,657,12
2022-11-05,73,836,4135,202,185
2022-11-06,72,667,1635,246,197
2022-11-07,88,1350,1371,535,34
2022-11-08,73,843,1526,436,11
2022-11-09,73,1093,2024,653,40
2022-11-10,75,802,2615,715,71
2022-11-11,110,723,5061,562,5
2022-11-12,98,1105,2307,1444,3
2022-11-13,51,515,811,1122,2
2022-11-14,71,514,842,1301,0
2022-11-15,99,787,2300,2252,1
2022-11-16,71,977,1330,2324,4
2022-11-17,59,586,215,2683,21
2022-11-18,85,418,190,2302,8
2022-11-19,93,494,743,1697,6
2022-11-20,47,270,706,768,9
2022-11-21,48,225,913,91,1
2022-11-22,52,519,955,165,3
2022-11-23,39,923,691,225,1
2022-11-24,64,1590,2359,174,18
2022-11-25,65,1377,3390,169,11
2022-11-26,66,1531,2452,271,1
2022-11-27,58,826,4437,329,11
2022-11-28,74,1068,1016,505,19
2022-11-29,86,964,858,1254,17
2022-11-30,86,416,3757,1236,25
2022-12-01,69,341,673,770,32
2022-12-02,69,737,905,783,113
2022-12-03,79,831,2843,632,57
2022-12-04,57,918,1158,438,0
2022-12-05,60,1360,1428,628,7
2022-12-06,103,1891,2587,642,14
2022-12-07,121,3137,3233,503,8
2022-12-08,86,2638,1830,452,4
2022-12-09,75,2601,1941,905,11
2022-12-10,74,2438,2324,991,6
2022-12-11,55,1948,2749,1028,11
2022-12-12,72,2112,1199,935,10
2022-12-13,95,1119,2290,1482,63
2022-12-14,64,1310,3641,1698,60
2022-12-15,91,1031,4138,2675,146
2022-12-16,92,1139,1148,2530,108
2022-12-17,124,736,496,2768,2
2022-12-18,188,532,342,1560,4
2022-12-19,175,642,1144,1339,4
2022-12-20,210,737,1561,1060,4
2022-12-21,245,1119,827,990,69
2022-12-22,495,2644,2700,1992,221
2022-12-23,392,3223,2684,2531,279
2022-12-24,159,2533,489,1334,79
2022-12-25,138,789,379,883,45
2022-12-26,99,690,657,1440,24
2022-12-27,70,541,1491,601,54
2022-12-28,59,510,831,734,51
2022-12-29,65,678,904,744,12
2022-12-30,69,1113,2725,812,9
2022-12-31,82,2839,3350,536,9
